jahr,disziplin,geschlecht,altersklasse,anzahl_leistungen
2001,Stabhochsprung,W,20,61
2001,Stabhochsprung,M,18,60
2001,Hochsprung,W,20,57
2001,Weitsprung,M,Maenner,57
2001,Stabhochsprung,M,20,53
2001,400 m,W,20,52
2001,Stabhochsprung,M,Maenner,52
2001,100 m,W,18,51
2001,Hochsprung,M,18,51
2001,Hochsprung,M,Maenner,51
2001,Hochsprung,W,Frauen,51
2001,Weitsprung,W,Frauen,51
2001,100 m,M,18,50
2001,100 m,W,20,50
2001,1500 m,W,20,50
2001,1500 m,W,Frauen,50
2001,400 m,W,18,50
2001,400 m,W,Frauen,50
2001,400 m Huerden,M,18,50
2001,400 m Huerden,W,18,50
2001,400 m Huerden,W,20,50
2001,800 m,W,18,50
2001,800 m,W,20,50
2001,800 m,W,Frauen,50
2001,Diskuswurf,M,20,50
2001,Diskuswurf,M,Maenner,50
2001,Diskuswurf,W,18,50
2001,Diskuswurf,W,20,50
2001,Hammerwurf,M,18,50
2001,Hammerwurf,W,18,50
2001,Hochsprung,M,20,50
2001,Kugelstoss,M,18,50
2001,Kugelstoss,M,20,50
2001,Kugelstoss,W,20,50
2001,Speerwurf,M,18,50
2001,Speerwurf,M,20,50
2001,Speerwurf,W,18,50
2001,Speerwurf,W,20,50
2001,Speerwurf,W,Frauen,50
2001,Stabhochsprung,W,18,50
2001,Stabhochsprung,W,Frauen,50
2001,10 km,M,Maenner,49
2001,10 km,W,Frauen,49
2001,1500 m,M,20,49
2001,1500 m,W,18,49
2001,400 m,M,18,49
2001,400 m Huerden,M,Maenner,49
2001,400 m Huerden,W,Frauen,49
2001,Diskuswurf,M,18,49
2001,Diskuswurf,W,Frauen,49
2001,Hammerwurf,M,20,49
2001,Hammerwurf,M,Maenner,49
2001,Hammerwurf,W,20,49
2001,Hammerwurf,W,Frauen,49
2001,Hochsprung,W,18,49
2001,Kugelstoss,W,18,49
2001,Kugelstoss,W,Frauen,49
2001,Marathon,M,Maenner,49
2001,Marathon,W,Frauen,49
2001,Speerwurf,M,Maenner,49
2001,100 m,W,Frauen,48
2001,1500 m,M,18,48
2001,1500 m,M,Maenner,48
2001,3000 m Hindernis,M,Maenner,48
2001,400 m,M,20,48
2001,400 m,M,Maenner,48
2001,400 m Huerden,M,20,48
2001,5000 m,M,Maenner,48
2001,800 m,M,Maenner,48
2001,Dreisprung,W,18,48
2001,Kugelstoss,M,Maenner,48
2001,Weitsprung,M,20,48
2001,10 000 m,M,Maenner,47
2001,100 m Huerden,W,20,47
2001,100 m Huerden,W,Frauen,47
2001,800 m,M,18,47
2001,Dreisprung,W,20,47
2001,Dreisprung,W,Frauen,47
2001,Weitsprung,W,20,47
2001,3000 m,M,20,46
2001,800 m,M,20,46
2001,Dreisprung,M,18,46
2001,Dreisprung,M,20,46
2001,Weitsprung,M,18,46
2001,2000 m Hindernis,M,18,45
2001,3000 m,M,18,45
2001,5000 m,M,20,45
2001,200 m,M,18,44
2001,200 m,W,18,44
2001,200 m,W,20,44
2001,5000 m,W,Frauen,44
2001,Weitsprung,W,18,44
2001,3000 m,W,18,43
2001,3000 m,W,20,43
2001,Dreisprung,M,Maenner,43
2001,200 m,M,20,42
2001,200 m,M,Maenner,42
2001,100 m,M,20,41
2001,100 m,M,Maenner,41
2001,110 m Huerden,M,Maenner,41
2001,5000 m,W,20,41
2001,10 000 m,W,Frauen,40
2001,110 m Huerden,M,18,39
2001,110 m Huerden,M,20,39
2001,200 m,W,Frauen,36
2001,Weitsprung,W,U23,36
2001,100 m Huerden,W,18,34
2001,Hochsprung,W,U23,34
2001,Dreisprung,M,U23,31
2001,Hochsprung,M,U23,31
2001,10 km,M,U23,30
2001,10 km,W,U23,30
2001,1500 m,W,U23,30
2001,400 m,W,U23,30
2001,400 m Huerden,M,U23,30
2001,400 m Huerden,W,U23,30
2001,5000 m,W,U23,30
2001,800 m,W,U23,30
2001,Diskuswurf,M,U23,30
2001,Dreisprung,W,U23,30
2001,Hammerwurf,M,U23,30
2001,Kugelstoss,M,U23,30
2001,Speerwurf,W,U23,30
2001,Stabhochsprung,W,U23,30
2001,100 m Huerden,W,U23,29
2001,1500 m,M,U23,29
2001,3000 m Hindernis,M,U23,29
2001,400 m,M,U23,29
2001,5000 m,M,U23,29
2001,Diskuswurf,W,U23,29
2001,Hammerwurf,W,U23,29
2001,Kugelstoss,W,U23,29
2001,Speerwurf,M,U23,29
2001,Stabhochsprung,M,U23,29
2001,Weitsprung,M,U23,29
2001,100 m,M,U23,28
2001,100 m,W,U23,27
2001,800 m,M,U23,27
2001,200 m,M,U23,26
2001,10 000 m,M,U23,20
2001,10 000 m,W,U23,20
2001,110 m Huerden,M,U23,20
2001,200 m,W,U23,20
2001,3000 m Hindernis,W,Frauen,10
2001,3000 m Hindernis,W,U23,5
2002,Hochsprung,W,Frauen,65
2002,Hochsprung,M,Maenner,61
2002,Stabhochsprung,M,18,57
2002,Hochsprung,M,20,56
2002,Stabhochsprung,W,18,53
2002,Hochsprung,M,18,52
2002,Stabhochsprung,W,20,52
2002,Diskuswurf,W,20,51
2002,Hammerwurf,W,Frauen,51
2002,Hochsprung,W,20,51
2002,Stabhochsprung,W,Frauen,51
2002,1500 m,M,20,50
2002,1500 m,M,Maenner,50
2002,1500 m,W,Frauen,50
2002,400 m,W,20,50
2002,400 m,W,Frauen,50
2002,400 m Huerden,M,18,50
2002,400 m Huerden,M,20,50
2002,400 m Huerden,W,Frauen,50
2002,800 m,W,20,50
2002,800 m,W,Frauen,50
2002,Diskuswurf,M,18,50
2002,Diskuswurf,M,20,50
2002,Diskuswurf,M,Maenner,50
2002,Diskuswurf,W,18,50
2002,Hammerwurf,M,18,50
2002,Hammerwurf,M,20,50
2002,Hammerwurf,W,18,50
2002,Hammerwurf,W,20,50
2002,Hochsprung,W,18,50
2002,Kugelstoss,M,18,50
2002,Kugelstoss,M,20,50
2002,Kugelstoss,W,18,50
2002,Marathon,M,Maenner,50
2002,Speerwurf,M,Maenner,50
2002,Speerwurf,W,20,50
2002,Speerwurf,W,Frauen,50
2002,Stabhochsprung,M,20,50
2002,Stabhochsprung,M,Maenner,50
2002,10 km,M,Maenner,49
2002,10 km,W,Frauen,49
2002,1500 m,M,18,49
2002,400 m,M,18,49
2002,400 m,M,20,49
2002,400 m,M,Maenner,49
2002,400 m,W,18,49
2002,400 m Huerden,W,18,49
2002,400 m Huerden,W,20,49
2002,800 m,W,18,49
2002,Diskuswurf,W,Frauen,49
2002,Hammerwurf,M,Maenner,49
2002,Kugelstoss,M,Maenner,49
2002,Kugelstoss,W,20,49
2002,Kugelstoss,W,Frauen,49
2002,Marathon,W,Frauen,49
2002,Speerwurf,M,20,49
2002,Speerwurf,W,18,49
2002,100 m,M,18,48
2002,3000 m,M,20,48
2002,400 m Huerden,M,Maenner,48
2002,5000 m,M,Maenner,48
2002,800 m,M,18,48
2002,800 m,M,20,48
2002,Speerwurf,M,18,48
2002,1500 m,W,20,47
2002,3000 m Hindernis,M,Maenner,47
2002,800 m,M,Maenner,47
2002,100 m,M,Maenner,46
2002,100 m,W,Frauen,46
2002,100 m Huerden,W,Frauen,46
2002,1500 m,W,18,46
2002,200 m,W,18,46
2002,Dreisprung,M,Maenner,46
2002,Weitsprung,W,Frauen,46
2002,100 m,M,20,45
2002,100 m Huerden,W,18,45
2002,5000 m,W,Frauen,45
2002,Dreisprung,M,18,45
2002,Dreisprung,W,18,45
2002,200 m,W,20,44
2002,Weitsprung,M,20,44
2002,Weitsprung,W,20,44
2002,110 m Huerden,M,Maenner,43
2002,2000 m Hindernis,M,18,43
2002,3000 m,M,18,43
2002,Dreisprung,W,20,43
2002,Weitsprung,M,18,43
2002,10 000 m,M,Maenner,42
2002,100 m,W,18,42
2002,110 m Huerden,M,20,42
2002,200 m,M,Maenner,42
2002,3000 m,W,18,42
2002,Dreisprung,M,20,42
2002,100 m,W,20,41
2002,100 m Huerden,W,20,41
2002,Hochsprung,M,U23,41
2002,Weitsprung,M,Maenner,41
2002,Weitsprung,W,18,41
2002,200 m,M,20,40
2002,3000 m,W,20,39
2002,Dreisprung,W,Frauen,39
2002,110 m Huerden,M,18,38
2002,5000 m,W,20,36
2002,200 m,W,Frauen,35
2002,10 000 m,W,Frauen,34
2002,200 m,M,18,32
2002,Weitsprung,W,U23,32
2002,10 km,W,U23,31
2002,10 km,M,U23,30
2002,1500 m,M,U23,30
2002,1500 m,W,U23,30
2002,400 m,W,U23,30
2002,400 m Huerden,W,U23,30
2002,800 m,W,U23,30
2002,Hammerwurf,M,U23,30
2002,Hammerwurf,W,U23,30
2002,Hochsprung,W,U23,30
2002,Kugelstoss,M,U23,30
2002,Speerwurf,M,U23,30
2002,Speerwurf,W,U23,30
2002,Stabhochsprung,W,U23,30
2002,3000 m Hindernis,M,U23,29
2002,400 m,M,U23,29
2002,Diskuswurf,M,U23,29
2002,Diskuswurf,W,U23,29
2002,Kugelstoss,W,U23,29
2002,100 m,M,U23,28
2002,400 m Huerden,M,U23,28
2002,5000 m,M,U23,28
2002,5000 m,W,U23,28
2002,Dreisprung,M,U23,28
2002,Stabhochsprung,M,U23,28
2002,100 m Huerden,W,U23,27
2002,800 m,M,U23,27
2002,100 m,W,U23,26
2002,110 m Huerden,M,U23,26
2002,3000 m Hindernis,W,Frauen,26
2002,5000 m,M,20,26
2002,Dreisprung,W,U23,25
2002,Weitsprung,M,U23,25
2002,200 m,M,U23,24
2002,200 m,W,U23,23
2002,10 000 m,M,U23,21
2002,10 000 m,W,U23,21
2002,3000 m Hindernis,W,U23,13
2003,Hochsprung,M,Maenner,65
2003,Stabhochsprung,M,20,63
2003,Hochsprung,M,18,62
2003,Hochsprung,M,20,55
2003,Hochsprung,W,20,55
2003,Stabhochsprung,M,18,53
2003,400 m,M,18,51
2003,Hammerwurf,W,Frauen,51
2003,Hochsprung,W,Frauen,51
2003,Stabhochsprung,W,18,51
2003,Stabhochsprung,W,20,51
2003,1500 m,M,18,50
2003,1500 m,W,20,50
2003,1500 m,W,Frauen,50
2003,2000 m Hindernis,M,18,50
2003,400 m,W,Frauen,50
2003,400 m Huerden,M,18,50
2003,400 m Huerden,M,20,50
2003,800 m,M,18,50
2003,Diskuswurf,M,18,50
2003,Hammerwurf,M,18,50
2003,Hammerwurf,M,20,50
2003,Hammerwurf,W,18,50
2003,Hammerwurf,W,20,50
2003,Hochsprung,W,18,50
2003,Kugelstoss,M,18,50
2003,Kugelstoss,M,20,50
2003,Kugelstoss,M,Maenner,50
2003,Kugelstoss,W,18,50
2003,Kugelstoss,W,20,50
2003,Marathon,M,Maenner,50
2003,Marathon,W,Frauen,50
2003,Speerwurf,M,20,50
2003,Speerwurf,W,20,50
2003,Speerwurf,W,Frauen,50
2003,Stabhochsprung,W,Frauen,50
2003,10 km,W,Frauen,49
2003,1500 m,M,20,49
2003,3000 m,M,20,49
2003,400 m,M,20,49
2003,400 m,W,20,49
2003,400 m Huerden,W,18,49
2003,400 m Huerden,W,20,49
2003,400 m Huerden,W,Frauen,49
2003,800 m,W,Frauen,49
2003,Diskuswurf,M,20,49
2003,Diskuswurf,M,Maenner,49
2003,Diskuswurf,W,20,49
2003,Hammerwurf,M,Maenner,49
2003,Kugelstoss,W,Frauen,49
2003,Speerwurf,M,18,49
2003,Speerwurf,M,Maenner,49
2003,Speerwurf,W,18,49
2003,10 km,M,Maenner,48
2003,1500 m,M,Maenner,48
2003,1500 m,W,18,48
2003,400 m,M,Maenner,48
2003,400 m,W,18,48
2003,5000 m,M,Maenner,48
2003,5000 m,W,20,48
2003,800 m,M,20,48
2003,800 m,W,18,48
2003,Diskuswurf,W,18,48
2003,Diskuswurf,W,Frauen,48
2003,Dreisprung,W,18,48
2003,Stabhochsprung,M,Maenner,48
2003,100 m,M,18,47
2003,100 m,W,18,47
2003,100 m,W,Frauen,47
2003,3000 m,M,18,47
2003,3000 m Hindernis,M,Maenner,47
2003,400 m Huerden,M,Maenner,47
2003,5000 m,M,20,47
2003,10 000 m,M,Maenner,46
2003,200 m,M,20,46
2003,3000 m,W,18,46
2003,3000 m,W,20,46
2003,5000 m,W,Frauen,46
2003,800 m,W,20,46
2003,100 m,M,20,45
2003,110 m Huerden,M,20,45
2003,200 m,M,18,45
2003,800 m,M,Maenner,45
2003,100 m,M,Maenner,44
2003,Weitsprung,W,Frauen,44
2003,100 m,W,20,43
2003,200 m,M,Maenner,43
2003,Weitsprung,W,18,43
2003,100 m Huerden,W,20,42
2003,200 m,W,20,42
2003,Dreisprung,M,18,42
2003,Dreisprung,W,20,42
2003,10 000 m,W,Frauen,41
2003,100 m Huerden,W,18,41
2003,Dreisprung,M,20,41
2003,Weitsprung,M,18,41
2003,Weitsprung,M,Maenner,41
2003,200 m,W,18,40
2003,110 m Huerden,M,Maenner,39
2003,Dreisprung,W,Frauen,39
2003,Weitsprung,W,20,39
2003,200 m,W,Frauen,38
2003,Dreisprung,M,Maenner,38
2003,100 m Huerden,W,Frauen,36
2003,Stabhochsprung,M,U23,36
2003,Weitsprung,M,20,34
2003,110 m Huerden,M,18,32
2003,Hochsprung,M,U23,31
2003,Stabhochsprung,W,U23,31
2003,10 km,W,U23,30
2003,1500 m,W,U23,30
2003,3000 m Hindernis,M,U23,30
2003,400 m,W,U23,30
2003,800 m,W,U23,30
2003,Hammerwurf,M,U23,30
2003,Hammerwurf,W,U23,30
2003,Hochsprung,W,U23,30
2003,Kugelstoss,W,U23,30
2003,Speerwurf,M,U23,30
2003,Speerwurf,W,U23,30
2003,Weitsprung,W,U23,30
2003,10 km,M,U23,29
2003,1500 m,M,U23,29
2003,400 m Huerden,W,U23,29
2003,Diskuswurf,M,U23,29
2003,Diskuswurf,W,U23,29
2003,Dreisprung,M,U23,29
2003,Kugelstoss,M,U23,29
2003,100 m,W,U23,28
2003,400 m,M,U23,28
2003,5000 m,M,U23,28
2003,5000 m,W,U23,28
2003,800 m,M,U23,28
2003,200 m,M,U23,27
2003,400 m Huerden,M,U23,27
2003,100 m,M,U23,26
2003,110 m Huerden,M,U23,26
2003,10 000 m,M,U23,25
2003,3000 m Hindernis,W,Frauen,25
2003,Weitsprung,M,U23,25
2003,Dreisprung,W,U23,24
2003,200 m,W,U23,22
2003,100 m Huerden,W,U23,21
2003,10 000 m,W,U23,17
2003,3000 m Hindernis,W,U23,14
2004,Stabhochsprung,W,Frauen,59
2004,Stabhochsprung,M,18,57
2004,Stabhochsprung,W,20,56
2004,Hochsprung,M,18,55
2004,Hochsprung,M,20,53
2004,Hochsprung,W,18,53
2004,10 km,W,Frauen,52
2004,Hochsprung,M,Maenner,52
2004,Hochsprung,W,20,52
2004,Hochsprung,W,Frauen,52
2004,1500 m,W,20,51
2004,Speerwurf,M,20,51
2004,Speerwurf,W,18,51
2004,Speerwurf,W,20,51
2004,1500 m,W,18,50
2004,1500 m,W,Frauen,50
2004,3000 m Hindernis,M,Maenner,50
2004,400 m,M,20,50
2004,400 m,M,Maenner,50
2004,400 m,W,Frauen,50
2004,400 m Huerden,M,18,50
2004,400 m Huerden,M,20,50
2004,400 m Huerden,W,Frauen,50
2004,800 m,W,Frauen,50
2004,Diskuswurf,M,20,50
2004,Diskuswurf,M,Maenner,50
2004,Hammerwurf,M,20,50
2004,Hammerwurf,W,18,50
2004,Hammerwurf,W,20,50
2004,Hammerwurf,W,Frauen,50
2004,Kugelstoss,M,Maenner,50
2004,Kugelstoss,W,18,50
2004,Kugelstoss,W,20,50
2004,Marathon,M,Maenner,50
2004,Speerwurf,M,18,50
2004,Speerwurf,M,Maenner,50
2004,Speerwurf,W,Frauen,50
2004,Stabhochsprung,M,20,50
2004,Stabhochsprung,M,Maenner,50
2004,Stabhochsprung,W,18,50
2004,10 km,M,Maenner,49
2004,100 m,W,Frauen,49
2004,2000 m Hindernis,M,18,49
2004,400 m,M,18,49
2004,400 m,W,18,49
2004,400 m,W,20,49
2004,400 m Huerden,W,18,49
2004,400 m Huerden,W,20,49
2004,5000 m,M,Maenner,49
2004,800 m,M,18,49
2004,Diskuswurf,W,Frauen,49
2004,Hammerwurf,M,18,49
2004,Kugelstoss,M,20,49
2004,Kugelstoss,W,Frauen,49
2004,Marathon,W,Frauen,49
2004,1500 m,M,Maenner,48
2004,400 m Huerden,M,Maenner,48
2004,800 m,M,20,48
2004,800 m,W,20,48
2004,Diskuswurf,M,18,48
2004,Diskuswurf,W,18,48
2004,Diskuswurf,W,20,48
2004,Hammerwurf,M,Maenner,48
2004,Kugelstoss,M,18,48
2004,1500 m,M,18,47
2004,1500 m,M,20,47
2004,3000 m,M,18,47
2004,800 m,W,18,47
2004,Dreisprung,W,Frauen,47
2004,100 m Huerden,W,18,46
2004,3000 m,M,20,46
2004,5000 m,W,Frauen,46
2004,Weitsprung,W,18,46
2004,100 m,M,18,45
2004,100 m,M,20,45
2004,100 m,W,18,45
2004,200 m,M,18,45
2004,200 m,W,Frauen,45
2004,5000 m,M,20,45
2004,800 m,M,Maenner,45
2004,Dreisprung,M,Maenner,45
2004,Weitsprung,M,18,45
2004,Weitsprung,M,20,45
2004,Weitsprung,W,20,45
2004,10 000 m,M,Maenner,44
2004,10 000 m,W,Frauen,44
2004,100 m,M,Maenner,44
2004,200 m,W,18,44
2004,3000 m,W,18,44
2004,3000 m,W,20,44
2004,Weitsprung,M,Maenner,44
2004,Weitsprung,W,Frauen,44
2004,200 m,W,20,43
2004,Dreisprung,W,18,43
2004,100 m,W,20,42
2004,5000 m,W,20,42
2004,Dreisprung,M,20,42
2004,110 m Huerden,M,18,41
2004,200 m,M,20,41
2004,200 m,M,Maenner,40
2004,Dreisprung,W,20,40
2004,100 m Huerden,W,20,39
2004,Dreisprung,M,18,38
2004,100 m Huerden,W,Frauen,37
2004,110 m Huerden,M,20,36
2004,110 m Huerden,M,Maenner,36
2004,Stabhochsprung,M,U23,36
2004,Hochsprung,W,U23,33
2004,Stabhochsprung,W,U23,33
2004,Weitsprung,M,U23,33
2004,Hochsprung,M,U23,31
2004,10 km,W,U23,30
2004,1500 m,W,U23,30
2004,3000 m Hindernis,M,U23,30
2004,800 m,W,U23,30
2004,Diskuswurf,M,U23,30
2004,Diskuswurf,W,U23,30
2004,Hammerwurf,M,U23,30
2004,Hammerwurf,W,U23,30
2004,Kugelstoss,M,U23,30
2004,Kugelstoss,W,U23,30
2004,Speerwurf,M,U23,30
2004,Speerwurf,W,U23,30
2004,10 km,M,U23,29
2004,100 m,W,U23,29
2004,1500 m,M,U23,29
2004,400 m,M,U23,29
2004,400 m,W,U23,29
2004,400 m Huerden,W,U23,29
2004,100 m,M,U23,28
2004,400 m Huerden,M,U23,28
2004,5000 m,M,U23,28
2004,200 m,W,U23,27
2004,800 m,M,U23,27
2004,5000 m,W,U23,26
2004,Dreisprung,M,U23,26
2004,Dreisprung,W,U23,26
2004,3000 m Hindernis,W,Frauen,25
2004,Weitsprung,W,U23,25
2004,10 000 m,M,U23,24
2004,200 m,M,U23,22
2004,100 m Huerden,W,U23,20
2004,10 000 m,W,U23,19
2004,110 m Huerden,M,U23,19
2004,3000 m Hindernis,W,U23,9
2005,Hochsprung,M,18,63
2005,Stabhochsprung,M,18,58
2005,Stabhochsprung,W,18,58
2005,Hochsprung,M,20,57
2005,Hochsprung,M,Maenner,56
2005,Stabhochsprung,M,20,56
2005,Stabhochsprung,M,Maenner,56
2005,Hochsprung,W,18,53
2005,Stabhochsprung,W,20,53
2005,3000 m,M,20,51
2005,Hochsprung,W,20,51
2005,Stabhochsprung,W,Frauen,51
2005,100 m,W,20,50
2005,1500 m,M,20,50
2005,1500 m,W,18,50
2005,1500 m,W,20,50
2005,1500 m,W,Frauen,50
2005,3000 m,M,18,50
2005,400 m,M,18,50
2005,400 m,M,Maenner,50
2005,400 m,W,18,50
2005,400 m Huerden,M,20,50
2005,400 m Huerden,W,18,50
2005,800 m,M,18,50
2005,800 m,W,20,50
2005,800 m,W,Frauen,50
2005,Diskuswurf,M,18,50
2005,Diskuswurf,M,20,50
2005,Diskuswurf,M,Maenner,50
2005,Hammerwurf,M,18,50
2005,Hammerwurf,M,20,50
2005,Hammerwurf,M,Maenner,50
2005,Hammerwurf,W,18,50
2005,Hammerwurf,W,20,50
2005,Hammerwurf,W,Frauen,50
2005,Hochsprung,W,Frauen,50
2005,Kugelstoss,M,18,50
2005,Kugelstoss,M,Maenner,50
2005,Kugelstoss,W,20,50
2005,Marathon,M,Maenner,50
2005,Speerwurf,M,18,50
2005,Speerwurf,M,20,50
2005,Speerwurf,W,18,50
2005,Speerwurf,W,Frauen,50
2005,10 km,W,Frauen,49
2005,400 m,W,Frauen,49
2005,400 m Huerden,M,18,49
2005,400 m Huerden,W,20,49
2005,400 m Huerden,W,Frauen,49
2005,800 m,M,20,49
2005,800 m,W,18,49
2005,Diskuswurf,W,Frauen,49
2005,Kugelstoss,M,20,49
2005,Kugelstoss,W,18,49
2005,Kugelstoss,W,Frauen,49
2005,Marathon,W,Frauen,49
2005,Speerwurf,M,Maenner,49
2005,Speerwurf,W,20,49
2005,Weitsprung,M,Maenner,49
2005,Weitsprung,W,Frauen,49
2005,10 km,M,Maenner,48
2005,3000 m Hindernis,M,Maenner,48
2005,400 m,M,20,48
2005,400 m,W,20,48
2005,400 m Huerden,M,Maenner,48
2005,Diskuswurf,W,18,48
2005,Diskuswurf,W,20,48
2005,Dreisprung,W,Frauen,48
2005,100 m,W,Frauen,47
2005,1500 m,M,18,47
2005,1500 m,M,Maenner,47
2005,2000 m Hindernis,M,18,47
2005,5000 m,M,Maenner,47
2005,5000 m,W,Frauen,47
2005,Weitsprung,M,18,47
2005,100 m,M,Maenner,46
2005,100 m,W,18,46
2005,100 m Huerden,W,Frauen,46
2005,200 m,W,20,46
2005,200 m,W,Frauen,46
2005,3000 m,W,20,46
2005,800 m,M,Maenner,46
2005,Dreisprung,W,18,46
2005,100 m Huerden,W,20,45
2005,3000 m,W,18,45
2005,Dreisprung,M,18,45
2005,Dreisprung,M,Maenner,45
2005,Dreisprung,W,20,45
2005,Weitsprung,W,18,45
2005,100 m,M,20,44
2005,5000 m,M,20,44
2005,Weitsprung,M,20,44
2005,Weitsprung,W,20,44
2005,100 m,M,18,43
2005,200 m,W,18,43
2005,10 000 m,M,Maenner,42
2005,110 m Huerden,M,Maenner,42
2005,200 m,M,18,42
2005,200 m,M,20,42
2005,200 m,M,Maenner,42
2005,5000 m,W,20,42
2005,110 m Huerden,M,20,41
2005,Dreisprung,M,20,40
2005,10 000 m,W,Frauen,39
2005,100 m Huerden,W,18,36
2005,110 m Huerden,M,18,35
2005,Weitsprung,M,U23,34
2005,Dreisprung,M,U23,33
2005,Hochsprung,W,U23,33
2005,Stabhochsprung,W,U23,32
2005,Hochsprung,M,U23,31
2005,Stabhochsprung,M,U23,31
2005,Weitsprung,W,U23,31
2005,10 km,M,U23,30
2005,10 km,W,U23,30
2005,1500 m,W,U23,30
2005,400 m,M,U23,30
2005,400 m Huerden,M,U23,30
2005,800 m,W,U23,30
2005,Diskuswurf,M,U23,30
2005,Diskuswurf,W,U23,30
2005,Hammerwurf,M,U23,30
2005,Hammerwurf,W,U23,30
2005,Kugelstoss,M,U23,30
2005,Speerwurf,M,U23,30
2005,Speerwurf,W,U23,30
2005,100 m,W,U23,29
2005,400 m Huerden,W,U23,29
2005,800 m,M,U23,29
2005,Dreisprung,W,U23,29
2005,Kugelstoss,W,U23,29
2005,1500 m,M,U23,28
2005,3000 m Hindernis,M,U23,28
2005,400 m,W,U23,28
2005,5000 m,W,U23,28
2005,100 m Huerden,W,U23,27
2005,110 m Huerden,M,U23,27
2005,200 m,W,U23,27
2005,5000 m,M,U23,27
2005,100 m,M,U23,25
2005,200 m,M,U23,23
2005,3000 m Hindernis,W,Frauen,22
2005,10 000 m,M,U23,21
2005,10 000 m,W,U23,15
2005,3000 m Hindernis,W,U23,15
2006,Hochsprung,W,20,61
2006,Stabhochsprung,M,20,57
2006,Stabhochsprung,W,20,57
2006,Stabhochsprung,M,Maenner,56
2006,Hochsprung,W,18,53
2006,Hochsprung,W,Frauen,52
2006,Stabhochsprung,W,Frauen,52
2006,1500 m,M,18,51
2006,1500 m,M,20,51
2006,400 m Huerden,M,Maenner,51
2006,Diskuswurf,M,18,51
2006,Hochsprung,M,18,51
2006,Hochsprung,M,20,51
2006,Kugelstoss,W,18,51
2006,10 km,W,Frauen,50
2006,1500 m,W,Frauen,50
2006,3000 m,M,18,50
2006,400 m,M,18,50
2006,400 m,M,20,50
2006,400 m,W,18,50
2006,400 m Huerden,M,18,50
2006,400 m Huerden,W,Frauen,50
2006,800 m,M,20,50
2006,800 m,W,Frauen,50
2006,Diskuswurf,M,20,50
2006,Diskuswurf,M,Maenner,50
2006,Diskuswurf,W,18,50
2006,Diskuswurf,W,20,50
2006,Hammerwurf,M,18,50
2006,Hammerwurf,M,20,50
2006,Hammerwurf,W,18,50
2006,Hammerwurf,W,20,50
2006,Hammerwurf,W,Frauen,50
2006,Hochsprung,M,Maenner,50
2006,Kugelstoss,M,18,50
2006,Kugelstoss,M,20,50
2006,Kugelstoss,M,Maenner,50
2006,Kugelstoss,W,20,50
2006,Marathon,W,Frauen,50
2006,Speerwurf,M,18,50
2006,Speerwurf,M,20,50
2006,Speerwurf,M,Maenner,50
2006,Speerwurf,W,18,50
2006,Speerwurf,W,20,50
2006,Speerwurf,W,Frauen,50
2006,Stabhochsprung,M,18,50
2006,10 km,M,Maenner,49
2006,1500 m,M,Maenner,49
2006,200 m,M,Maenner,49
2006,2000 m Hindernis,M,18,49
2006,3000 m,M,20,49
2006,400 m,M,Maenner,49
2006,400 m,W,20,49
2006,400 m,W,Frauen,49
2006,400 m Huerden,M,20,49
2006,400 m Huerden,W,18,49
2006,400 m Huerden,W,20,49
2006,Diskuswurf,W,Frauen,49
2006,Hammerwurf,M,Maenner,49
2006,Kugelstoss,W,Frauen,49
2006,Stabhochsprung,W,18,49
2006,Weitsprung,W,Frauen,49
2006,100 m Huerden,W,Frauen,48
2006,1500 m,W,20,48
2006,200 m,W,Frauen,48
2006,5000 m,W,Frauen,48
2006,800 m,M,18,48
2006,800 m,W,18,48
2006,800 m,W,20,48
2006,Marathon,M,Maenner,48
2006,Weitsprung,M,20,48
2006,100 m,M,20,47
2006,100 m,W,Frauen,47
2006,1500 m,W,18,47
2006,3000 m Hindernis,M,Maenner,47
2006,5000 m,M,Maenner,47
2006,800 m,M,Maenner,47
2006,100 m Huerden,W,20,46
2006,3000 m,W,20,46
2006,Weitsprung,M,Maenner,46
2006,110 m Huerden,M,Maenner,45
2006,200 m,W,18,45
2006,5000 m,W,20,45
2006,Dreisprung,M,Maenner,45
2006,Weitsprung,M,18,45
2006,Weitsprung,W,18,45
2006,200 m,W,20,44
2006,3000 m,W,18,44
2006,5000 m,M,20,44
2006,100 m Huerden,W,18,42
2006,200 m,M,20,42
2006,Weitsprung,W,20,42
2006,100 m,M,Maenner,41
2006,10 000 m,M,Maenner,40
2006,100 m,M,18,40
2006,100 m,W,20,40
2006,110 m Huerden,M,20,40
2006,200 m,M,18,40
2006,Dreisprung,M,20,40
2006,10 000 m,W,Frauen,39
2006,110 m Huerden,M,18,39
2006,Dreisprung,M,18,39
2006,Dreisprung,W,Frauen,39
2006,Dreisprung,W,18,38
2006,Dreisprung,W,20,37
2006,100 m,W,18,36
2006,Hochsprung,M,U23,33
2006,3000 m Hindernis,W,Frauen,32
2006,400 m,M,U23,32
2006,Stabhochsprung,M,U23,32
2006,10 km,W,U23,31
2006,200 m,M,U23,31
2006,400 m Huerden,M,U23,31
2006,10 km,M,U23,30
2006,1500 m,M,U23,30
2006,1500 m,W,U23,30
2006,400 m Huerden,W,U23,30
2006,5000 m,M,U23,30
2006,800 m,W,U23,30
2006,Diskuswurf,M,U23,30
2006,Diskuswurf,W,U23,30
2006,Hammerwurf,M,U23,30
2006,Hammerwurf,W,U23,30
2006,Hochsprung,W,U23,30
2006,Kugelstoss,M,U23,30
2006,Kugelstoss,W,U23,30
2006,Speerwurf,M,U23,30
2006,Speerwurf,W,U23,30
2006,Stabhochsprung,W,U23,30
2006,Weitsprung,M,U23,30
2006,Weitsprung,W,U23,30
2006,100 m Huerden,W,U23,29
2006,400 m,W,U23,29
2006,5000 m,W,U23,29
2006,800 m,M,U23,29
2006,200 m,W,U23,28
2006,3000 m Hindernis,M,U23,28
2006,100 m,W,U23,27
2006,110 m Huerden,M,U23,27
2006,100 m,M,U23,25
2006,10 000 m,M,U23,24
2006,Dreisprung,M,U23,24
2006,Dreisprung,W,U23,23
2006,10 000 m,W,U23,20
2006,3000 m Hindernis,W,U23,19
2007,Hochsprung,W,20,67
2007,Stabhochsprung,M,Maenner,62
2007,Weitsprung,W,18,61
2007,Dreisprung,W,20,57
2007,Stabhochsprung,M,18,57
2007,Stabhochsprung,W,18,56
2007,Stabhochsprung,M,20,55
2007,400 m,W,20,54
2007,Hochsprung,M,18,54
2007,400 m,W,18,53
2007,Hochsprung,M,Maenner,53
2007,Hochsprung,W,18,53
2007,Hochsprung,W,Frauen,53
2007,10 km,W,Frauen,52
2007,Stabhochsprung,W,Frauen,52
2007,Weitsprung,W,20,52
2007,1500 m,W,Frauen,51
2007,Dreisprung,W,Frauen,51
2007,Hochsprung,M,20,51
2007,Kugelstoss,W,20,51
2007,Marathon,M,Maenner,51
2007,Speerwurf,M,20,51
2007,10 km,M,Maenner,50
2007,1500 m,M,18,50
2007,1500 m,M,20,50
2007,1500 m,W,18,50
2007,1500 m,W,20,50
2007,3000 m Hindernis,M,Maenner,50
2007,400 m,M,18,50
2007,400 m,W,Frauen,50
2007,400 m Huerden,M,18,50
2007,400 m Huerden,M,20,50
2007,400 m Huerden,M,Maenner,50
2007,400 m Huerden,W,20,50
2007,400 m Huerden,W,Frauen,50
2007,800 m,M,18,50
2007,800 m,M,20,50
2007,800 m,W,18,50
2007,800 m,W,20,50
2007,800 m,W,Frauen,50
2007,Diskuswurf,M,18,50
2007,Diskuswurf,M,20,50
2007,Diskuswurf,M,Maenner,50
2007,Diskuswurf,W,18,50
2007,Diskuswurf,W,20,50
2007,Diskuswurf,W,Frauen,50
2007,Hammerwurf,M,18,50
2007,Hammerwurf,M,20,50
2007,Hammerwurf,M,Maenner,50
2007,Hammerwurf,W,20,50
2007,Hammerwurf,W,Frauen,50
2007,Kugelstoss,M,18,50
2007,Kugelstoss,M,20,50
2007,Kugelstoss,W,18,50
2007,Marathon,W,Frauen,50
2007,Speerwurf,M,18,50
2007,Speerwurf,M,Maenner,50
2007,Speerwurf,W,Frauen,50
2007,1500 m,M,Maenner,49
2007,3000 m,M,20,49
2007,3000 m,W,20,49
2007,400 m,M,20,49
2007,400 m,M,Maenner,49
2007,400 m Huerden,W,18,49
2007,5000 m,W,20,49
2007,800 m,M,Maenner,49
2007,Dreisprung,M,20,49
2007,Hammerwurf,W,18,49
2007,Kugelstoss,M,Maenner,49
2007,Kugelstoss,W,Frauen,49
2007,Speerwurf,W,18,49
2007,Stabhochsprung,W,20,49
2007,100 m,M,Maenner,48
2007,3000 m,W,18,48
2007,5000 m,M,Maenner,48
2007,5000 m,W,Frauen,48
2007,Dreisprung,W,18,48
2007,Speerwurf,W,20,48
2007,3000 m,M,18,47
2007,5000 m,M,20,47
2007,Dreisprung,M,18,47
2007,Weitsprung,M,Maenner,47
2007,Weitsprung,W,Frauen,47
2007,10 000 m,M,Maenner,46
2007,100 m,W,18,45
2007,2000 m Hindernis,M,18,45
2007,100 m,W,Frauen,44
2007,200 m,W,18,44
2007,Dreisprung,M,Maenner,44
2007,100 m,M,20,43
2007,100 m Huerden,W,18,43
2007,200 m,M,Maenner,43
2007,110 m Huerden,M,18,42
2007,Stabhochsprung,M,U23,42
2007,100 m,M,18,41
2007,Weitsprung,M,18,41
2007,Weitsprung,M,20,41
2007,10 000 m,W,Frauen,39
2007,100 m,W,20,39
2007,110 m Huerden,M,Maenner,39
2007,200 m,W,Frauen,39
2007,200 m,W,20,38
2007,100 m Huerden,W,Frauen,37
2007,Hochsprung,W,U23,37
2007,110 m Huerden,M,20,36
2007,200 m,M,18,35
2007,200 m,M,20,33
2007,Hochsprung,M,U23,33
2007,Stabhochsprung,W,U23,33
2007,3000 m Hindernis,W,Frauen,32
2007,Dreisprung,W,U23,32
2007,10 km,W,U23,31
2007,5000 m,M,U23,31
2007,Speerwurf,M,U23,31
2007,10 km,M,U23,30
2007,1500 m,W,U23,30
2007,3000 m Hindernis,M,U23,30
2007,400 m,W,U23,30
2007,400 m Huerden,M,U23,30
2007,400 m Huerden,W,U23,30
2007,800 m,W,U23,30
2007,Diskuswurf,M,U23,30
2007,Diskuswurf,W,U23,30
2007,Hammerwurf,M,U23,30
2007,Hammerwurf,W,U23,30
2007,Kugelstoss,M,U23,30
2007,Kugelstoss,W,U23,30
2007,Speerwurf,W,U23,30
2007,1500 m,M,U23,29
2007,400 m,M,U23,29
2007,800 m,M,U23,29
2007,Weitsprung,W,U23,29
2007,100 m,M,U23,28
2007,5000 m,W,U23,28
2007,Weitsprung,M,U23,28
2007,100 m Huerden,W,20,27
2007,Dreisprung,M,U23,27
2007,10 000 m,M,U23,26
2007,100 m,W,U23,26
2007,200 m,M,U23,25
2007,100 m Huerden,W,U23,22
2007,110 m Huerden,M,U23,22
2007,200 m,W,U23,21
2007,3000 m Hindernis,W,U23,20
2007,10 000 m,W,U23,17
2008,Hochsprung,W,20,60
2008,Hochsprung,M,18,59
2008,Hochsprung,W,18,58
2008,400 m,M,20,53
2008,Stabhochsprung,M,Maenner,53
2008,400 m,M,18,51
2008,400 m,W,18,51
2008,400 m Huerden,M,18,51
2008,400 m Huerden,M,20,51
2008,Hammerwurf,W,20,51
2008,Hochsprung,M,20,51
2008,Hochsprung,W,Frauen,51
2008,Kugelstoss,W,18,51
2008,Stabhochsprung,M,18,51
2008,10 km,W,Frauen,50
2008,1500 m,M,18,50
2008,1500 m,M,20,50
2008,1500 m,W,18,50
2008,1500 m,W,20,50
2008,1500 m,W,Frauen,50
2008,2000 m Hindernis,M,18,50
2008,3000 m Hindernis,M,Maenner,50
2008,400 m,W,20,50
2008,400 m,W,Frauen,50
2008,400 m Huerden,M,Maenner,50
2008,400 m Huerden,W,18,50
2008,400 m Huerden,W,20,50
2008,400 m Huerden,W,Frauen,50
2008,800 m,M,18,50
2008,800 m,M,20,50
2008,800 m,W,18,50
2008,800 m,W,20,50
2008,800 m,W,Frauen,50
2008,Diskuswurf,M,18,50
2008,Diskuswurf,M,20,50
2008,Diskuswurf,W,18,50
2008,Diskuswurf,W,20,50
2008,Diskuswurf,W,Frauen,50
2008,Hammerwurf,M,18,50
2008,Hammerwurf,M,20,50
2008,Hammerwurf,M,Maenner,50
2008,Hammerwurf,W,18,50
2008,Hammerwurf,W,Frauen,50
2008,Hochsprung,M,Maenner,50
2008,Kugelstoss,M,20,50
2008,Kugelstoss,W,20,50
2008,Speerwurf,M,18,50
2008,Speerwurf,M,20,50
2008,Speerwurf,M,Maenner,50
2008,Speerwurf,W,20,50
2008,Stabhochsprung,M,20,50
2008,Weitsprung,W,18,50
2008,400 m,M,Maenner,49
2008,5000 m,W,Frauen,49
2008,Diskuswurf,M,Maenner,49
2008,Kugelstoss,M,18,49
2008,Kugelstoss,M,Maenner,49
2008,Kugelstoss,W,Frauen,49
2008,Marathon,W,Frauen,49
2008,Speerwurf,W,18,49
2008,Speerwurf,W,Frauen,49
2008,Stabhochsprung,W,20,49
2008,Stabhochsprung,W,Frauen,49
2008,Weitsprung,W,20,49
2008,10 km,M,Maenner,48
2008,1500 m,M,Maenner,48
2008,3000 m,M,20,48
2008,5000 m,M,Maenner,48
2008,800 m,M,Maenner,48
2008,Stabhochsprung,W,18,48
2008,Weitsprung,M,20,48
2008,3000 m,W,20,47
2008,5000 m,M,20,47
2008,Marathon,M,Maenner,47
2008,200 m,M,20,46
2008,3000 m,M,18,46
2008,Dreisprung,M,Maenner,46
2008,Dreisprung,W,18,46
2008,Weitsprung,M,18,46
2008,100 m,M,18,45
2008,100 m,W,18,45
2008,100 m,W,Frauen,45
2008,200 m,W,18,45
2008,3000 m,W,18,45
2008,200 m,M,18,44
2008,Dreisprung,W,20,44
2008,110 m Huerden,M,20,43
2008,5000 m,W,20,43
2008,Dreisprung,M,20,43
2008,Dreisprung,W,Frauen,43
2008,Weitsprung,W,Frauen,43
2008,100 m,M,Maenner,42
2008,200 m,W,20,42
2008,Dreisprung,M,18,42
2008,10 000 m,M,Maenner,41
2008,100 m,M,20,41
2008,100 m,W,20,41
2008,Weitsprung,M,Maenner,41
2008,200 m,M,Maenner,39
2008,100 m Huerden,W,20,38
2008,100 m Huerden,W,Frauen,38
2008,110 m Huerden,M,Maenner,36
2008,Hochsprung,M,U23,36
2008,100 m Huerden,W,18,35
2008,110 m Huerden,M,18,35
2008,3000 m Hindernis,W,Frauen,35
2008,10 000 m,W,Frauen,34
2008,Stabhochsprung,M,U23,33
2008,10 km,M,U23,31
2008,800 m,W,U23,31
2008,10 km,W,U23,30
2008,1500 m,M,U23,30
2008,1500 m,W,U23,30
2008,200 m,W,Frauen,30
2008,3000 m Hindernis,M,U23,30
2008,400 m,W,U23,30
2008,400 m Huerden,M,U23,30
2008,400 m Huerden,W,U23,30
2008,800 m,M,U23,30
2008,Diskuswurf,M,U23,30
2008,Diskuswurf,W,U23,30
2008,Hammerwurf,M,U23,30
2008,Hammerwurf,W,U23,30
2008,Hochsprung,W,U23,30
2008,Kugelstoss,M,U23,30
2008,Kugelstoss,W,U23,30
2008,Speerwurf,M,U23,30
2008,400 m,M,U23,29
2008,5000 m,M,U23,29
2008,5000 m,W,U23,29
2008,Speerwurf,W,U23,29
2008,Stabhochsprung,W,U23,29
2008,100 m,M,U23,28
2008,200 m,M,U23,28
2008,Dreisprung,M,U23,28
2008,Weitsprung,W,U23,28
2008,Dreisprung,W,U23,26
2008,Weitsprung,M,U23,26
2008,100 m,W,U23,24
2008,110 m Huerden,M,U23,24
2008,10 000 m,M,U23,23
2008,10 000 m,W,U23,23
2008,200 m,W,U23,22
2008,3000 m Hindernis,W,U23,21
2008,100 m Huerden,W,U23,19
2009,Stabhochsprung,M,Maenner,63
2009,Hochsprung,M,18,60
2009,Hochsprung,W,Frauen,57
2009,Hochsprung,M,20,55
2009,Stabhochsprung,W,20,55
2009,Hochsprung,M,Maenner,53
2009,Stabhochsprung,M,20,52
2009,100 m,M,18,51
2009,100 m,M,20,51
2009,400 m,W,18,51
2009,400 m Huerden,M,Maenner,51
2009,Diskuswurf,M,18,51
2009,Hochsprung,W,18,51
2009,Hochsprung,W,20,51
2009,Stabhochsprung,W,Frauen,51
2009,10 km,W,Frauen,50
2009,1500 m,M,18,50
2009,1500 m,M,20,50
2009,1500 m,W,Frauen,50
2009,200 m,W,Frauen,50
2009,3000 m Hindernis,M,Maenner,50
2009,400 m,M,18,50
2009,400 m,M,20,50
2009,400 m,M,Maenner,50
2009,400 m,W,20,50
2009,400 m Huerden,M,20,50
2009,400 m Huerden,W,18,50
2009,400 m Huerden,W,20,50
2009,400 m Huerden,W,Frauen,50
2009,5000 m,W,Frauen,50
2009,800 m,M,18,50
2009,800 m,M,20,50
2009,800 m,W,20,50
2009,800 m,W,Frauen,50
2009,Diskuswurf,M,20,50
2009,Diskuswurf,M,Maenner,50
2009,Diskuswurf,W,18,50
2009,Diskuswurf,W,20,50
2009,Diskuswurf,W,Frauen,50
2009,Hammerwurf,M,18,50
2009,Hammerwurf,M,20,50
2009,Hammerwurf,M,Maenner,50
2009,Hammerwurf,W,18,50
2009,Hammerwurf,W,20,50
2009,Hammerwurf,W,Frauen,50
2009,Kugelstoss,M,20,50
2009,Kugelstoss,W,18,50
2009,Kugelstoss,W,20,50
2009,Kugelstoss,W,Frauen,50
2009,Speerwurf,M,20,50
2009,Speerwurf,M,Maenner,50
2009,Speerwurf,W,18,50
2009,Speerwurf,W,20,50
2009,Stabhochsprung,M,18,50
2009,Stabhochsprung,W,18,50
2009,10 km,M,Maenner,49
2009,1500 m,W,18,49
2009,1500 m,W,20,49
2009,3000 m,M,18,49
2009,3000 m,M,20,49
2009,400 m,W,Frauen,49
2009,400 m Huerden,M,18,49
2009,5000 m,M,Maenner,49
2009,5000 m,W,20,49
2009,800 m,W,18,49
2009,Kugelstoss,M,18,49
2009,Kugelstoss,M,Maenner,49
2009,Marathon,M,Maenner,49
2009,Speerwurf,M,18,49
2009,Speerwurf,W,Frauen,49
2009,10 000 m,M,Maenner,48
2009,100 m,W,18,48
2009,100 m,W,20,48
2009,100 m,W,Frauen,48
2009,1500 m,M,Maenner,48
2009,200 m,W,18,48
2009,2000 m Hindernis,M,18,48
2009,800 m,M,Maenner,48
2009,Marathon,W,Frauen,48
2009,100 m,M,Maenner,47
2009,200 m,W,20,47
2009,100 m Huerden,W,18,46
2009,3000 m,W,18,46
2009,3000 m,W,20,46
2009,5000 m,M,20,46
2009,110 m Huerden,M,Maenner,45
2009,200 m,M,Maenner,45
2009,100 m Huerden,W,20,44
2009,Weitsprung,M,Maenner,44
2009,Dreisprung,M,18,43
2009,10 000 m,W,Frauen,42
2009,110 m Huerden,M,18,42
2009,Weitsprung,M,18,42
2009,Dreisprung,W,20,41
2009,200 m,M,18,40
2009,Dreisprung,M,20,40
2009,Weitsprung,W,18,40
2009,Weitsprung,W,20,40
2009,Weitsprung,W,Frauen,40
2009,Dreisprung,W,18,39
2009,100 m Huerden,W,Frauen,38
2009,110 m Huerden,M,20,38
2009,200 m,M,20,38
2009,Dreisprung,W,Frauen,38
2009,Weitsprung,M,20,38
2009,Dreisprung,M,Maenner,37
2009,Hochsprung,W,U23,35
2009,Stabhochsprung,M,U23,35
2009,100 m,M,U23,32
2009,Hochsprung,M,U23,32
2009,10 km,W,U23,31
2009,10 km,M,U23,30
2009,100 m,W,U23,30
2009,1500 m,M,U23,30
2009,1500 m,W,U23,30
2009,400 m,M,U23,30
2009,400 m,W,U23,30
2009,400 m Huerden,M,U23,30
2009,400 m Huerden,W,U23,30
2009,5000 m,M,U23,30
2009,5000 m,W,U23,30
2009,800 m,W,U23,30
2009,Diskuswurf,M,U23,30
2009,Diskuswurf,W,U23,30
2009,Hammerwurf,M,U23,30
2009,Hammerwurf,W,U23,30
2009,Kugelstoss,M,U23,30
2009,Speerwurf,M,U23,30
2009,Stabhochsprung,W,U23,30
2009,200 m,W,U23,29
2009,3000 m Hindernis,M,U23,29
2009,3000 m Hindernis,W,Frauen,29
2009,800 m,M,U23,29
2009,Kugelstoss,W,U23,29
2009,Speerwurf,W,U23,29
2009,10 000 m,M,U23,28
2009,10 000 m,W,U23,28
2009,200 m,M,U23,28
2009,Weitsprung,M,U23,26
2009,100 m Huerden,W,U23,24
2009,110 m Huerden,M,U23,24
2009,Dreisprung,M,U23,24
2009,Dreisprung,W,U23,22
2009,Weitsprung,W,U23,22
2009,3000 m Hindernis,W,U23,16
2010,Stabhochsprung,M,18,60
2010,Hochsprung,M,18,58
2010,Hochsprung,M,Maenner,58
2010,Stabhochsprung,W,18,56
2010,Hochsprung,W,20,54
2010,Hochsprung,M,20,52
2010,Hochsprung,W,18,52
2010,Hochsprung,W,Frauen,52
2010,Stabhochsprung,W,20,52
2010,Weitsprung,W,20,52
2010,400 m,M,20,51
2010,400 m,W,18,51
2010,400 m,W,Frauen,51
2010,400 m Huerden,M,18,51
2010,Kugelstoss,W,18,51
2010,Stabhochsprung,M,20,51
2010,1500 m,M,18,50
2010,1500 m,M,20,50
2010,1500 m,W,18,50
2010,1500 m,W,20,50
2010,1500 m,W,Frauen,50
2010,2000 m Hindernis,M,18,50
2010,3000 m Hindernis,M,Maenner,50
2010,400 m,M,Maenner,50
2010,400 m,W,20,50
2010,400 m Huerden,M,20,50
2010,400 m Huerden,M,Maenner,50
2010,400 m Huerden,W,18,50
2010,400 m Huerden,W,20,50
2010,400 m Huerden,W,Frauen,50
2010,800 m,M,18,50
2010,800 m,M,20,50
2010,800 m,M,Maenner,50
2010,800 m,W,18,50
2010,800 m,W,20,50
2010,800 m,W,Frauen,50
2010,Diskuswurf,M,20,50
2010,Diskuswurf,M,Maenner,50
2010,Diskuswurf,W,18,50
2010,Diskuswurf,W,20,50
2010,Diskuswurf,W,Frauen,50
2010,Hammerwurf,M,20,50
2010,Hammerwurf,M,Maenner,50
2010,Hammerwurf,W,18,50
2010,Hammerwurf,W,20,50
2010,Hammerwurf,W,Frauen,50
2010,Kugelstoss,M,18,50
2010,Kugelstoss,M,20,50
2010,Kugelstoss,W,20,50
2010,Kugelstoss,W,Frauen,50
2010,Speerwurf,M,20,50
2010,Speerwurf,M,Maenner,50
2010,Speerwurf,W,18,50
2010,Speerwurf,W,20,50
2010,Speerwurf,W,Frauen,50
2010,Stabhochsprung,M,Maenner,50
2010,Stabhochsprung,W,Frauen,50
2010,10 km,M,Maenner,49
2010,1500 m,M,Maenner,49
2010,400 m,M,18,49
2010,5000 m,M,Maenner,49
2010,Diskuswurf,M,18,49
2010,Hammerwurf,M,18,49
2010,Kugelstoss,M,Maenner,49
2010,Marathon,M,Maenner,49
2010,Marathon,W,Frauen,49
2010,Speerwurf,M,18,49
2010,10 km,W,Frauen,48
2010,100 m,M,18,48
2010,100 m,W,18,48
2010,200 m,W,Frauen,48
2010,5000 m,M,20,48
2010,5000 m,W,Frauen,48
2010,Dreisprung,M,18,48
2010,Weitsprung,W,Frauen,48
2010,10 000 m,M,Maenner,47
2010,100 m Huerden,W,18,47
2010,200 m,W,20,47
2010,110 m Huerden,M,Maenner,46
2010,3000 m,W,18,46
2010,Weitsprung,W,18,46
2010,100 m,M,20,45
2010,100 m Huerden,W,Frauen,45
2010,3000 m,W,20,45
2010,Dreisprung,W,Frauen,45
2010,100 m,M,Maenner,44
2010,100 m,W,20,44
2010,200 m,M,18,44
2010,3000 m,M,18,44
2010,5000 m,W,20,44
2010,100 m,W,Frauen,43
2010,110 m Huerden,M,18,43
2010,200 m,W,18,43
2010,3000 m,M,20,43
2010,Dreisprung,M,20,43
2010,Weitsprung,M,20,43
2010,Weitsprung,M,Maenner,43
2010,100 m Huerden,W,20,42
2010,200 m,M,Maenner,42
2010,10 000 m,W,Frauen,41
2010,3000 m Hindernis,W,Frauen,41
2010,Weitsprung,M,18,41
2010,Dreisprung,W,20,40
2010,200 m,M,20,39
2010,Dreisprung,M,Maenner,39
2010,Dreisprung,W,18,39
2010,Hochsprung,M,U23,37
2010,110 m Huerden,M,20,36
2010,Stabhochsprung,W,U23,36
2010,400 m,W,U23,31
2010,Hochsprung,W,U23,31
2010,10 km,M,U23,30
2010,10 km,W,U23,30
2010,100 m Huerden,W,U23,30
2010,1500 m,M,U23,30
2010,1500 m,W,U23,30
2010,3000 m Hindernis,M,U23,30
2010,400 m,M,U23,30
2010,400 m Huerden,M,U23,30
2010,400 m Huerden,W,U23,30
2010,5000 m,M,U23,30
2010,800 m,M,U23,30
2010,800 m,W,U23,30
2010,Diskuswurf,W,U23,30
2010,Hammerwurf,M,U23,30
2010,Hammerwurf,W,U23,30
2010,Kugelstoss,M,U23,30
2010,Kugelstoss,W,U23,30
2010,Speerwurf,M,U23,30
2010,Speerwurf,W,U23,30
2010,Weitsprung,W,U23,30
2010,200 m,W,U23,29
2010,Diskuswurf,M,U23,29
2010,Stabhochsprung,M,U23,29
2010,100 m,M,U23,28
2010,110 m Huerden,M,U23,28
2010,5000 m,W,U23,28
2010,Dreisprung,M,U23,28
2010,Dreisprung,W,U23,28
2010,100 m,W,U23,25
2010,Weitsprung,M,U23,25
2010,10 000 m,M,U23,24
2010,200 m,M,U23,24
2010,3000 m Hindernis,W,U23,23
2010,10 000 m,W,U23,20
2011,Stabhochsprung,W,20,61
2011,Hochsprung,W,20,60
2011,Hochsprung,M,20,56
2011,Stabhochsprung,M,20,55
2011,Stabhochsprung,W,18,55
2011,Hochsprung,M,Maenner,53
2011,Weitsprung,W,20,53
2011,Hochsprung,W,Frauen,52
2011,Speerwurf,M,Maenner,52
2011,Stabhochsprung,M,18,52
2011,10 km,W,Frauen,51
2011,1500 m,M,18,51
2011,1500 m,M,Maenner,51
2011,400 m,W,Frauen,51
2011,400 m Huerden,W,18,51
2011,800 m,W,18,51
2011,Hochsprung,W,18,51
2011,10 km,M,Maenner,50
2011,100 m,M,Maenner,50
2011,1500 m,W,18,50
2011,1500 m,W,20,50
2011,1500 m,W,Frauen,50
2011,400 m,M,20,50
2011,400 m,M,Maenner,50
2011,400 m Huerden,M,18,50
2011,400 m Huerden,M,20,50
2011,400 m Huerden,M,Maenner,50
2011,400 m Huerden,W,Frauen,50
2011,800 m,M,18,50
2011,800 m,M,20,50
2011,800 m,W,20,50
2011,Diskuswurf,W,18,50
2011,Diskuswurf,W,20,50
2011,Diskuswurf,W,Frauen,50
2011,Hammerwurf,M,Maenner,50
2011,Hammerwurf,W,18,50
2011,Hammerwurf,W,20,50
2011,Hammerwurf,W,Frauen,50
2011,Kugelstoss,M,Maenner,50
2011,Kugelstoss,W,18,50
2011,Kugelstoss,W,20,50
2011,Kugelstoss,W,Frauen,50
2011,Speerwurf,M,18,50
2011,Speerwurf,W,18,50
2011,Speerwurf,W,20,50
2011,Speerwurf,W,Frauen,50
2011,Stabhochsprung,W,Frauen,50
2011,1500 m,M,20,49
2011,3000 m,M,18,49
2011,3000 m,M,20,49
2011,3000 m Hindernis,M,Maenner,49
2011,400 m,M,18,49
2011,400 m,W,18,49
2011,400 m,W,20,49
2011,400 m Huerden,W,20,49
2011,5000 m,M,Maenner,49
2011,800 m,M,Maenner,49
2011,800 m,W,Frauen,49
2011,Diskuswurf,M,18,49
2011,Diskuswurf,M,Maenner,49
2011,Hammerwurf,M,18,49
2011,Hammerwurf,M,20,49
2011,Hochsprung,M,18,49
2011,Kugelstoss,M,18,49
2011,Kugelstoss,M,20,49
2011,Speerwurf,M,20,49
2011,10 000 m,M,Maenner,48
2011,10 000 m,W,Frauen,48
2011,200 m,W,Frauen,48
2011,2000 m Hindernis,M,18,48
2011,3000 m,W,20,48
2011,Diskuswurf,M,20,48
2011,Marathon,M,Maenner,48
2011,Marathon,W,Frauen,48
2011,Stabhochsprung,M,Maenner,48
2011,Weitsprung,M,Maenner,48
2011,100 m,W,20,47
2011,100 m,W,Frauen,47
2011,200 m,M,Maenner,47
2011,3000 m,W,18,47
2011,Weitsprung,M,20,47
2011,Weitsprung,W,18,47
2011,100 m,M,20,46
2011,100 m Huerden,W,18,46
2011,110 m Huerden,M,18,46
2011,100 m,M,18,45
2011,100 m Huerden,W,Frauen,45
2011,5000 m,W,20,45
2011,5000 m,W,Frauen,45
2011,Dreisprung,M,Maenner,45
2011,Dreisprung,W,Frauen,45
2011,Weitsprung,W,Frauen,45
2011,Dreisprung,W,20,44
2011,Weitsprung,M,18,44
2011,200 m,W,20,43
2011,Dreisprung,M,18,43
2011,200 m,M,18,42
2011,200 m,M,20,42
2011,Dreisprung,M,20,42
2011,Dreisprung,W,18,42
2011,100 m,W,18,41
2011,5000 m,M,20,41
2011,Hochsprung,M,U23,41
2011,110 m Huerden,M,Maenner,40
2011,3000 m Hindernis,W,Frauen,40
2011,100 m Huerden,W,20,37
2011,200 m,W,18,34
2011,Stabhochsprung,W,U23,33
2011,Hochsprung,W,U23,31
2011,Stabhochsprung,M,U23,31
2011,Weitsprung,W,U23,31
2011,10 km,M,U23,30
2011,10 km,W,U23,30
2011,1500 m,M,U23,30
2011,1500 m,W,U23,30
2011,3000 m Hindernis,M,U23,30
2011,400 m,M,U23,30
2011,400 m,W,U23,30
2011,400 m Huerden,M,U23,30
2011,400 m Huerden,W,U23,30
2011,5000 m,M,U23,30
2011,800 m,M,U23,30
2011,800 m,W,U23,30
2011,Diskuswurf,M,U23,30
2011,Diskuswurf,W,U23,30
2011,Hammerwurf,M,U23,30
2011,Hammerwurf,W,U23,30
2011,Kugelstoss,M,U23,30
2011,Kugelstoss,W,U23,30
2011,Speerwurf,M,U23,30
2011,Speerwurf,W,U23,30
2011,10 000 m,M,U23,29
2011,5000 m,W,U23,29
2011,100 m,M,U23,28
2011,100 m,W,U23,28
2011,200 m,M,U23,28
2011,200 m,W,U23,28
2011,Weitsprung,M,U23,28
2011,110 m Huerden,M,20,27
2011,Dreisprung,M,U23,27
2011,Dreisprung,W,U23,27
2011,100 m Huerden,W,U23,26
2011,3000 m Hindernis,W,U23,24
2011,110 m Huerden,M,U23,22
2011,10 000 m,W,U23,20
2012,Hochsprung,W,20,60
2012,Hochsprung,W,Frauen,58
2012,Stabhochsprung,W,18,56
2012,Hochsprung,W,18,53
2012,Stabhochsprung,M,18,53
2012,Hochsprung,M,Maenner,52
2012,10 km,M,Maenner,51
2012,10 km,W,Frauen,51
2012,400 m,M,20,51
2012,Hammerwurf,W,Frauen,51
2012,Hochsprung,M,18,51
2012,Kugelstoss,W,Frauen,51
2012,Stabhochsprung,W,20,51
2012,100 m,W,20,50
2012,1500 m,M,20,50
2012,1500 m,W,18,50
2012,1500 m,W,20,50
2012,1500 m,W,Frauen,50
2012,2000 m Hindernis,M,18,50
2012,3000 m Hindernis,M,Maenner,50
2012,400 m,M,18,50
2012,400 m,M,Maenner,50
2012,400 m,W,18,50
2012,400 m,W,Frauen,50
2012,400 m Huerden,M,20,50
2012,400 m Huerden,M,Maenner,50
2012,400 m Huerden,W,Frauen,50
2012,800 m,M,18,50
2012,800 m,W,18,50
2012,800 m,W,20,50
2012,800 m,W,Frauen,50
2012,Diskuswurf,W,20,50
2012,Diskuswurf,W,Frauen,50
2012,Hammerwurf,M,18,50
2012,Hammerwurf,W,20,50
2012,Hochsprung,M,20,50
2012,Kugelstoss,M,18,50
2012,Kugelstoss,M,Maenner,50
2012,Kugelstoss,W,18,50
2012,Kugelstoss,W,20,50
2012,Speerwurf,M,18,50
2012,Speerwurf,M,Maenner,50
2012,Speerwurf,W,18,50
2012,Speerwurf,W,20,50
2012,Stabhochsprung,M,20,50
2012,Stabhochsprung,W,Frauen,50
2012,Weitsprung,W,18,50
2012,10 000 m,M,Maenner,49
2012,100 m,M,Maenner,49
2012,1500 m,M,18,49
2012,3000 m,M,20,49
2012,400 m,W,20,49
2012,400 m Huerden,M,18,49
2012,400 m Huerden,W,18,49
2012,400 m Huerden,W,20,49
2012,5000 m,M,20,49
2012,5000 m,M,Maenner,49
2012,5000 m,W,Frauen,49
2012,800 m,M,20,49
2012,800 m,M,Maenner,49
2012,Diskuswurf,M,18,49
2012,Diskuswurf,M,20,49
2012,Diskuswurf,M,Maenner,49
2012,Diskuswurf,W,18,49
2012,Hammerwurf,M,Maenner,49
2012,Hammerwurf,W,18,49
2012,Kugelstoss,M,20,49
2012,Marathon,M,Maenner,49
2012,Marathon,W,Frauen,49
2012,Speerwurf,W,Frauen,49
2012,Stabhochsprung,M,Maenner,49
2012,100 m,M,18,48
2012,100 m,W,18,48
2012,100 m,W,Frauen,48
2012,100 m Huerden,W,Frauen,48
2012,1500 m,M,Maenner,48
2012,3000 m,M,18,48
2012,Dreisprung,W,Frauen,48
2012,Hammerwurf,M,20,48
2012,Speerwurf,M,20,48
2012,10 000 m,W,Frauen,47
2012,110 m Huerden,M,Maenner,47
2012,200 m,M,Maenner,47
2012,Weitsprung,W,Frauen,47
2012,3000 m,W,18,46
2012,3000 m,W,20,46
2012,Weitsprung,W,20,46
2012,100 m,M,20,45
2012,200 m,W,Frauen,45
2012,Dreisprung,M,20,45
2012,Weitsprung,M,20,45
2012,200 m,M,18,44
2012,200 m,M,20,44
2012,Dreisprung,W,20,44
2012,Weitsprung,M,18,44
2012,Dreisprung,M,18,43
2012,Dreisprung,M,Maenner,43
2012,Weitsprung,M,Maenner,43
2012,200 m,W,18,42
2012,200 m,W,20,42
2012,100 m Huerden,W,18,41
2012,100 m Huerden,W,20,41
2012,3000 m Hindernis,W,Frauen,41
2012,110 m Huerden,M,18,40
2012,Dreisprung,W,18,40
2012,110 m Huerden,M,20,39
2012,5000 m,W,20,38
2012,Hochsprung,W,U23,32
2012,Stabhochsprung,W,U23,32
2012,Hochsprung,M,U23,31
2012,Kugelstoss,W,U23,31
2012,Speerwurf,M,U23,31
2012,10 km,M,U23,30
2012,10 km,W,U23,30
2012,1500 m,W,U23,30
2012,3000 m Hindernis,M,U23,30
2012,400 m,M,U23,30
2012,400 m,W,U23,30
2012,400 m Huerden,M,U23,30
2012,400 m Huerden,W,U23,30
2012,800 m,W,U23,30
2012,Diskuswurf,M,U23,30
2012,Diskuswurf,W,U23,30
2012,Dreisprung,W,U23,30
2012,Hammerwurf,W,U23,30
2012,Kugelstoss,M,U23,30
2012,Stabhochsprung,M,U23,30
2012,100 m,M,U23,29
2012,100 m Huerden,W,U23,29
2012,1500 m,M,U23,29
2012,200 m,M,U23,29
2012,800 m,M,U23,29
2012,Hammerwurf,M,U23,29
2012,Speerwurf,W,U23,29
2012,100 m,W,U23,28
2012,5000 m,M,U23,28
2012,5000 m,W,U23,28
2012,10 000 m,M,U23,27
2012,Dreisprung,M,U23,27
2012,110 m Huerden,M,U23,26
2012,Weitsprung,W,U23,26
2012,3000 m Hindernis,W,U23,25
2012,200 m,W,U23,24
2012,Weitsprung,M,U23,23
2012,10 000 m,W,U23,22
2013,Stabhochsprung,M,20,68
2013,Stabhochsprung,M,Maenner,63
2013,Hochsprung,M,20,58
2013,Hochsprung,M,18,55
2013,Hochsprung,W,20,54
2013,400 m Huerden,W,Frauen,53
2013,Hochsprung,W,18,52
2013,Stabhochsprung,M,18,52
2013,Stabhochsprung,W,18,52
2013,Stabhochsprung,W,Frauen,52
2013,10 km,W,Frauen,51
2013,100 m,M,20,51
2013,100 m,W,20,51
2013,1500 m,M,18,51
2013,1500 m,M,20,51
2013,400 m,W,Frauen,51
2013,400 m Huerden,M,18,51
2013,800 m,M,18,51
2013,800 m,M,20,51
2013,800 m,W,20,51
2013,Hochsprung,M,Maenner,51
2013,Kugelstoss,W,20,51
2013,Speerwurf,W,18,51
2013,Stabhochsprung,W,20,51
2013,10 km,M,Maenner,50
2013,100 m,W,Frauen,50
2013,1500 m,W,20,50
2013,1500 m,W,Frauen,50
2013,3000 m,M,18,50
2013,400 m,M,Maenner,50
2013,400 m,W,18,50
2013,400 m Huerden,M,Maenner,50
2013,400 m Huerden,W,18,50
2013,400 m Huerden,W,20,50
2013,5000 m,M,Maenner,50
2013,800 m,M,Maenner,50
2013,800 m,W,18,50
2013,800 m,W,Frauen,50
2013,Diskuswurf,M,18,50
2013,Diskuswurf,W,18,50
2013,Diskuswurf,W,20,50
2013,Diskuswurf,W,Frauen,50
2013,Hammerwurf,M,18,50
2013,Hammerwurf,M,Maenner,50
2013,Hammerwurf,W,20,50
2013,Hammerwurf,W,Frauen,50
2013,Hochsprung,W,Frauen,50
2013,Kugelstoss,M,18,50
2013,Kugelstoss,M,Maenner,50
2013,Marathon,W,Frauen,50
2013,Speerwurf,M,18,50
2013,Speerwurf,M,20,50
2013,Speerwurf,M,Maenner,50
2013,Speerwurf,W,20,50
2013,Speerwurf,W,Frauen,50
2013,Weitsprung,M,Maenner,50
2013,100 m,M,Maenner,49
2013,1500 m,M,Maenner,49
2013,1500 m,W,18,49
2013,3000 m,M,20,49
2013,3000 m Hindernis,M,Maenner,49
2013,400 m,M,20,49
2013,400 m,W,20,49
2013,400 m Huerden,M,20,49
2013,5000 m,W,Frauen,49
2013,Diskuswurf,M,20,49
2013,Diskuswurf,M,Maenner,49
2013,Hammerwurf,M,20,49
2013,Hammerwurf,W,18,49
2013,Kugelstoss,M,20,49
2013,Kugelstoss,W,18,49
2013,Kugelstoss,W,Frauen,49
2013,200 m,W,Frauen,48
2013,3000 m,W,18,48
2013,400 m,M,18,48
2013,5000 m,W,20,48
2013,10 000 m,M,Maenner,47
2013,10 000 m,W,Frauen,47
2013,100 m,W,18,47
2013,2000 m Hindernis,M,18,47
2013,3000 m,W,20,47
2013,Weitsprung,M,20,47
2013,110 m Huerden,M,Maenner,46
2013,Dreisprung,M,20,46
2013,Dreisprung,M,Maenner,46
2013,100 m Huerden,W,18,45
2013,200 m,M,18,45
2013,110 m Huerden,M,20,44
2013,200 m,M,20,44
2013,Dreisprung,W,Frauen,44
2013,100 m Huerden,W,Frauen,43
2013,200 m,M,Maenner,43
2013,200 m,W,20,43
2013,5000 m,M,20,43
2013,Weitsprung,M,18,43
2013,Weitsprung,W,18,43
2013,200 m,W,18,42
2013,100 m,M,18,41
2013,110 m Huerden,M,18,41
2013,Weitsprung,W,20,41
2013,Weitsprung,W,Frauen,41
2013,Dreisprung,M,18,40
2013,Dreisprung,W,20,40
2013,Dreisprung,W,18,39
2013,Marathon,M,Maenner,38
2013,100 m Huerden,W,20,36
2013,Stabhochsprung,M,U23,34
2013,3000 m Hindernis,W,Frauen,33
2013,Weitsprung,M,U23,33
2013,10 km,M,U23,31
2013,800 m,M,U23,31
2013,10 km,W,U23,30
2013,100 m,W,U23,30
2013,1500 m,M,U23,30
2013,1500 m,W,U23,30
2013,400 m,M,U23,30
2013,400 m,W,U23,30
2013,400 m Huerden,W,U23,30
2013,5000 m,W,U23,30
2013,800 m,W,U23,30
2013,Diskuswurf,W,U23,30
2013,Hammerwurf,M,U23,30
2013,Hammerwurf,W,U23,30
2013,Hochsprung,M,U23,30
2013,Speerwurf,M,U23,30
2013,Speerwurf,W,U23,30
2013,Stabhochsprung,W,U23,30
2013,100 m,M,U23,29
2013,3000 m Hindernis,M,U23,29
2013,400 m Huerden,M,U23,29
2013,Diskuswurf,M,U23,29
2013,Dreisprung,M,U23,29
2013,Hochsprung,W,U23,29
2013,Kugelstoss,M,U23,29
2013,Kugelstoss,W,U23,29
2013,5000 m,M,U23,28
2013,10 000 m,M,U23,27
2013,110 m Huerden,M,U23,27
2013,Dreisprung,W,U23,27
2013,100 m Huerden,W,U23,26
2013,200 m,W,U23,26
2013,200 m,M,U23,25
2013,Weitsprung,W,U23,22
2013,3000 m Hindernis,W,U23,21
2013,10 000 m,W,U23,18
2014,Hochsprung,M,Maenner,63
2014,Hochsprung,W,20,62
2014,Stabhochsprung,M,20,58
2014,Stabhochsprung,M,18,56
2014,100 m,M,Maenner,53
2014,400 m,M,Maenner,52
2014,Hochsprung,W,18,52
2014,Stabhochsprung,W,Frauen,52
2014,1500 m,W,20,51
2014,400 m Huerden,M,Maenner,51
2014,400 m Huerden,W,18,51
2014,400 m Huerden,W,20,51
2014,400 m Huerden,W,Frauen,51
2014,800 m,M,20,51
2014,800 m,M,Maenner,51
2014,10 000 m,M,Maenner,50
2014,10 km,W,Frauen,50
2014,1500 m,M,18,50
2014,1500 m,M,20,50
2014,1500 m,W,18,50
2014,3000 m,M,18,50
2014,3000 m,W,18,50
2014,3000 m,W,20,50
2014,400 m,W,18,50
2014,400 m,W,Frauen,50
2014,400 m Huerden,M,18,50
2014,400 m Huerden,M,20,50
2014,5000 m,M,20,50
2014,800 m,M,18,50
2014,800 m,W,18,50
2014,800 m,W,20,50
2014,Diskuswurf,M,18,50
2014,Diskuswurf,W,18,50
2014,Diskuswurf,W,20,50
2014,Hammerwurf,M,18,50
2014,Hammerwurf,M,20,50
2014,Hammerwurf,W,18,50
2014,Hochsprung,M,18,50
2014,Hochsprung,M,20,50
2014,Hochsprung,W,Frauen,50
2014,Kugelstoss,M,18,50
2014,Kugelstoss,W,Frauen,50
2014,Marathon,W,Frauen,50
2014,Speerwurf,M,18,50
2014,Speerwurf,M,20,50
2014,Speerwurf,W,18,50
2014,Stabhochsprung,M,Maenner,50
2014,Stabhochsprung,W,20,50
2014,10 km,M,Maenner,49
2014,100 m,M,18,49
2014,100 m,M,20,49
2014,1500 m,M,Maenner,49
2014,3000 m,M,20,49
2014,3000 m Hindernis,M,Maenner,49
2014,400 m,M,18,49
2014,400 m,M,20,49
2014,400 m,W,20,49
2014,5000 m,M,Maenner,49
2014,5000 m,W,Frauen,49
2014,800 m,W,Frauen,49
2014,Diskuswurf,M,20,49
2014,Diskuswurf,M,Maenner,49
2014,Diskuswurf,W,Frauen,49
2014,Hammerwurf,M,Maenner,49
2014,Kugelstoss,M,Maenner,49
2014,Kugelstoss,W,18,49
2014,Kugelstoss,W,20,49
2014,Speerwurf,W,20,49
2014,Stabhochsprung,W,18,49
2014,10 000 m,W,Frauen,48
2014,100 m,W,Frauen,48
2014,1500 m,W,Frauen,48
2014,2000 m Hindernis,M,18,48
2014,Hammerwurf,W,20,48
2014,Hammerwurf,W,Frauen,48
2014,Kugelstoss,M,20,48
2014,Speerwurf,M,Maenner,48
2014,Speerwurf,W,Frauen,48
2014,100 m Huerden,W,Frauen,47
2014,100 m,W,20,46
2014,200 m,M,Maenner,46
2014,5000 m,W,20,46
2014,Weitsprung,M,18,46
2014,110 m Huerden,M,Maenner,45
2014,200 m,W,18,45
2014,100 m Huerden,W,18,44
2014,100 m Huerden,W,20,44
2014,110 m Huerden,M,20,44
2014,200 m,M,18,44
2014,Dreisprung,M,18,44
2014,200 m,M,20,43
2014,200 m,W,20,43
2014,Dreisprung,W,18,43
2014,100 m,W,18,42
2014,Weitsprung,M,20,42
2014,Weitsprung,M,Maenner,42
2014,110 m Huerden,M,18,41
2014,Dreisprung,M,20,41
2014,Dreisprung,W,20,41
2014,Hochsprung,M,U23,41
2014,200 m,W,Frauen,40
2014,3000 m Hindernis,W,Frauen,40
2014,Dreisprung,M,Maenner,40
2014,Dreisprung,W,Frauen,40
2014,Weitsprung,W,Frauen,40
2014,Weitsprung,W,18,35
2014,Hochsprung,W,U23,33
2014,Weitsprung,W,20,33
2014,100 m,M,U23,31
2014,800 m,M,U23,31
2014,10 km,M,U23,30
2014,10 km,W,U23,30
2014,400 m,M,U23,30
2014,400 m,W,U23,30
2014,400 m Huerden,M,U23,30
2014,400 m Huerden,W,U23,30
2014,5000 m,W,U23,30
2014,800 m,W,U23,30
2014,Hammerwurf,M,U23,30
2014,Kugelstoss,W,U23,30
2014,Stabhochsprung,M,U23,30
2014,Stabhochsprung,W,U23,30
2014,10 000 m,M,U23,29
2014,100 m,W,U23,29
2014,1500 m,M,U23,29
2014,1500 m,W,U23,29
2014,3000 m Hindernis,M,U23,29
2014,Diskuswurf,M,U23,29
2014,Diskuswurf,W,U23,29
2014,Speerwurf,M,U23,29
2014,100 m Huerden,W,U23,28
2014,5000 m,M,U23,28
2014,Hammerwurf,W,U23,28
2014,Kugelstoss,M,U23,28
2014,Speerwurf,W,U23,28
2014,200 m,M,U23,27
2014,3000 m Hindernis,W,U23,27
2014,Marathon,M,Maenner,27
2014,110 m Huerden,M,U23,25
2014,Dreisprung,M,U23,25
2014,200 m,W,U23,23
2014,Weitsprung,W,U23,23
2014,Dreisprung,W,U23,22
2014,Weitsprung,M,U23,22
2014,10 000 m,W,U23,15
2015,Stabhochsprung,W,Frauen,56
2015,Stabhochsprung,M,18,55
2015,400 m Huerden,W,18,53
2015,Hochsprung,W,20,53
2015,Stabhochsprung,M,Maenner,53
2015,Stabhochsprung,W,18,53
2015,Hochsprung,M,18,52
2015,400 m,M,20,51
2015,Stabhochsprung,M,20,51
2015,100 m,W,20,50
2015,1500 m,W,20,50
2015,1500 m,W,Frauen,50
2015,2000 m Hindernis,M,18,50
2015,3000 m,W,18,50
2015,3000 m,W,20,50
2015,400 m,M,Maenner,50
2015,400 m,W,18,50
2015,400 m,W,20,50
2015,400 m,W,Frauen,50
2015,400 m Huerden,M,20,50
2015,400 m Huerden,W,20,50
2015,400 m Huerden,W,Frauen,50
2015,800 m,W,18,50
2015,800 m,W,20,50
2015,800 m,W,Frauen,50
2015,Diskuswurf,M,18,50
2015,Diskuswurf,M,20,50
2015,Hammerwurf,M,18,50
2015,Hammerwurf,M,20,50
2015,Hammerwurf,W,18,50
2015,Hochsprung,M,20,50
2015,Hochsprung,W,18,50
2015,Kugelstoss,M,18,50
2015,Kugelstoss,M,20,50
2015,Kugelstoss,W,18,50
2015,Kugelstoss,W,20,50
2015,Kugelstoss,W,Frauen,50
2015,Marathon,M,Maenner,50
2015,Speerwurf,M,Maenner,50
2015,Speerwurf,W,18,50
2015,Speerwurf,W,20,50
2015,Speerwurf,W,Frauen,50
2015,10 000 m,M,Maenner,49
2015,1500 m,W,18,49
2015,3000 m,M,18,49
2015,3000 m Hindernis,M,Maenner,49
2015,400 m,M,18,49
2015,400 m Huerden,M,18,49
2015,400 m Huerden,M,Maenner,49
2015,800 m,M,20,49
2015,Diskuswurf,M,Maenner,49
2015,Diskuswurf,W,18,49
2015,Diskuswurf,W,20,49
2015,Diskuswurf,W,Frauen,49
2015,Hammerwurf,M,Maenner,49
2015,Hochsprung,M,Maenner,49
2015,Kugelstoss,M,Maenner,49
2015,Speerwurf,M,20,49
2015,Stabhochsprung,W,20,49
2015,Weitsprung,M,Maenner,49
2015,10 000 m,W,Frauen,48
2015,10 km,M,Maenner,48
2015,10 km,W,Frauen,48
2015,100 m,M,18,48
2015,110 m Huerden,M,Maenner,48
2015,1500 m,M,18,48
2015,200 m,M,18,48
2015,200 m,W,20,48
2015,5000 m,W,Frauen,48
2015,800 m,M,18,48
2015,Hammerwurf,W,20,48
2015,Hammerwurf,W,Frauen,48
2015,Marathon,W,Frauen,48
2015,Speerwurf,M,18,48
2015,200 m,M,Maenner,47
2015,3000 m,M,20,47
2015,5000 m,M,20,47
2015,5000 m,M,Maenner,47
2015,5000 m,W,20,47
2015,800 m,M,Maenner,47
2015,Hochsprung,W,Frauen,47
2015,100 m,M,20,46
2015,100 m,W,Frauen,46
2015,1500 m,M,20,46
2015,200 m,M,20,46
2015,200 m,W,Frauen,46
2015,Dreisprung,W,20,46
2015,Weitsprung,W,18,46
2015,Weitsprung,W,Frauen,46
2015,100 m,M,Maenner,45
2015,100 m,W,18,45
2015,100 m Huerden,W,20,45
2015,100 m Huerden,W,Frauen,45
2015,100 m Huerden,W,18,44
2015,Weitsprung,W,20,44
2015,1500 m,M,Maenner,43
2015,200 m,W,18,43
2015,3000 m Hindernis,W,Frauen,43
2015,Dreisprung,M,18,42
2015,Dreisprung,M,20,42
2015,Dreisprung,M,Maenner,42
2015,Dreisprung,W,18,42
2015,Dreisprung,W,Frauen,41
2015,Weitsprung,M,20,41
2015,110 m Huerden,M,18,40
2015,Weitsprung,M,18,40
2015,110 m Huerden,M,20,39
2015,Hochsprung,W,U23,35
2015,Stabhochsprung,M,U23,33
2015,400 m,M,U23,31
2015,Hochsprung,M,U23,31
2015,1500 m,W,U23,30
2015,400 m,W,U23,30
2015,400 m Huerden,W,U23,30
2015,800 m,W,U23,30
2015,Hammerwurf,M,U23,30
2015,Kugelstoss,W,U23,30
2015,Speerwurf,M,U23,30
2015,Speerwurf,W,U23,30
2015,Stabhochsprung,W,U23,30
2015,100 m,W,U23,29
2015,400 m Huerden,M,U23,29
2015,5000 m,W,U23,29
2015,800 m,M,U23,29
2015,Diskuswurf,M,U23,29
2015,Diskuswurf,W,U23,29
2015,10 km,M,U23,28
2015,100 m Huerden,W,U23,28
2015,200 m,M,U23,28
2015,200 m,W,U23,28
2015,Dreisprung,M,U23,28
2015,Hammerwurf,W,U23,28
2015,Kugelstoss,M,U23,28
2015,Weitsprung,M,U23,28
2015,10 000 m,M,U23,27
2015,10 km,W,U23,27
2015,100 m,M,U23,27
2015,110 m Huerden,M,U23,27
2015,5000 m,M,U23,27
2015,1500 m,M,U23,26
2015,Weitsprung,W,U23,26
2015,Dreisprung,W,U23,25
2015,3000 m Hindernis,W,U23,24
2015,3000 m Hindernis,M,U23,23
2015,10 000 m,W,U23,11
2016,Hochsprung,M,20,61
2016,Stabhochsprung,M,18,59
2016,Stabhochsprung,M,Maenner,58
2016,Hochsprung,W,18,53
2016,Hochsprung,W,20,53
2016,Stabhochsprung,M,20,52
2016,Stabhochsprung,W,20,52
2016,100 m,M,20,51
2016,400 m,W,20,51
2016,Hochsprung,M,18,51
2016,Hochsprung,M,Maenner,51
2016,Hochsprung,W,Frauen,51
2016,Kugelstoss,W,Frauen,51
2016,1500 m,W,18,50
2016,1500 m,W,20,50
2016,2000 m Hindernis,M,18,50
2016,3000 m,W,18,50
2016,400 m,M,18,50
2016,400 m,M,20,50
2016,400 m,W,18,50
2016,400 m,W,Frauen,50
2016,800 m,M,20,50
2016,800 m,W,18,50
2016,800 m,W,20,50
2016,800 m,W,Frauen,50
2016,Diskuswurf,M,18,50
2016,Diskuswurf,M,20,50
2016,Diskuswurf,W,18,50
2016,Hammerwurf,M,18,50
2016,Hammerwurf,M,20,50
2016,Hammerwurf,W,18,50
2016,Kugelstoss,M,20,50
2016,Kugelstoss,W,18,50
2016,Speerwurf,M,18,50
2016,Speerwurf,W,18,50
2016,Speerwurf,W,20,50
2016,Speerwurf,W,Frauen,50
2016,Stabhochsprung,W,18,50
2016,100 m Huerden,W,18,49
2016,1500 m,M,18,49
2016,1500 m,W,Frauen,49
2016,200 m,W,Frauen,49
2016,3000 m,M,18,49
2016,3000 m,W,20,49
2016,3000 m Hindernis,M,Maenner,49
2016,400 m,M,Maenner,49
2016,400 m Huerden,M,20,49
2016,400 m Huerden,W,18,49
2016,400 m Huerden,W,20,49
2016,400 m Huerden,W,Frauen,49
2016,800 m,M,18,49
2016,Diskuswurf,M,Maenner,49
2016,Diskuswurf,W,20,49
2016,Diskuswurf,W,Frauen,49
2016,Dreisprung,W,20,49
2016,Dreisprung,W,Frauen,49
2016,Hammerwurf,M,Maenner,49
2016,Hammerwurf,W,20,49
2016,Kugelstoss,M,18,49
2016,Kugelstoss,W,20,49
2016,Speerwurf,M,20,49
2016,Speerwurf,M,Maenner,49
2016,Stabhochsprung,W,Frauen,49
2016,100 m,W,18,48
2016,100 m,W,20,48
2016,400 m Huerden,M,18,48
2016,400 m Huerden,M,Maenner,48
2016,5000 m,W,20,48
2016,800 m,M,Maenner,48
2016,Hammerwurf,W,Frauen,48
2016,Kugelstoss,M,Maenner,48
2016,Weitsprung,M,18,48
2016,100 m,W,Frauen,47
2016,3000 m,M,20,47
2016,5000 m,M,20,47
2016,Dreisprung,W,18,47
2016,Weitsprung,W,20,47
2016,100 m,M,18,46
2016,100 m,M,Maenner,46
2016,1500 m,M,20,46
2016,200 m,M,18,46
2016,5000 m,W,Frauen,46
2016,Weitsprung,W,Frauen,46
2016,10 km,W,Frauen,45
2016,100 m Huerden,W,Frauen,45
2016,1500 m,M,Maenner,45
2016,200 m,M,20,45
2016,5000 m,M,Maenner,45
2016,Marathon,M,Maenner,45
2016,Marathon,W,Frauen,45
2016,Weitsprung,M,20,45
2016,10 000 m,W,Frauen,44
2016,10 km,M,Maenner,44
2016,110 m Huerden,M,18,43
2016,110 m Huerden,M,Maenner,43
2016,Dreisprung,M,Maenner,43
2016,Weitsprung,M,Maenner,43
2016,Weitsprung,W,18,43
2016,10 000 m,M,Maenner,42
2016,Dreisprung,M,20,42
2016,200 m,W,20,41
2016,Dreisprung,M,18,41
2016,100 m Huerden,W,20,40
2016,200 m,M,Maenner,40
2016,110 m Huerden,M,20,39
2016,200 m,W,18,39
2016,3000 m Hindernis,W,Frauen,36
2016,Stabhochsprung,W,U23,36
2016,Hochsprung,W,U23,31
2016,Kugelstoss,W,U23,31
2016,10 km,M,U23,30
2016,1500 m,W,U23,30
2016,400 m,M,U23,30
2016,400 m,W,U23,30
2016,5000 m,W,U23,30
2016,800 m,M,U23,30
2016,800 m,W,U23,30
2016,Dreisprung,W,U23,30
2016,Hochsprung,M,U23,30
2016,Speerwurf,M,U23,30
2016,Speerwurf,W,U23,30
2016,Stabhochsprung,M,U23,30
2016,100 m,M,U23,29
2016,1500 m,M,U23,29
2016,200 m,W,U23,29
2016,400 m Huerden,W,U23,29
2016,Diskuswurf,M,U23,29
2016,Diskuswurf,W,U23,29
2016,Hammerwurf,M,U23,29
2016,Hammerwurf,W,U23,29
2016,400 m Huerden,M,U23,28
2016,Kugelstoss,M,U23,28
2016,10 km,W,U23,27
2016,5000 m,M,U23,27
2016,Weitsprung,M,U23,27
2016,Weitsprung,W,U23,27
2016,100 m,W,U23,26
2016,100 m Huerden,W,U23,26
2016,Dreisprung,M,U23,26
2016,10 000 m,M,U23,25
2016,200 m,M,U23,25
2016,3000 m Hindernis,M,U23,25
2016,110 m Huerden,M,U23,24
2016,3000 m Hindernis,W,U23,22
2016,10 000 m,W,U23,9
2017,Hochsprung,M,18,59
2017,Hochsprung,W,18,58
2017,Stabhochsprung,M,18,58
2017,10 km,M,Maenner,56
2017,Stabhochsprung,M,20,55
2017,Stabhochsprung,W,Frauen,55
2017,5000 m,M,Maenner,54
2017,Marathon,M,Maenner,54
2017,10 000 m,M,Maenner,53
2017,Hochsprung,W,20,53
2017,Stabhochsprung,M,Maenner,53
2017,100 m,M,20,52
2017,400 m,W,Frauen,52
2017,Hochsprung,W,Frauen,52
2017,1500 m,M,Maenner,51
2017,800 m,M,18,51
2017,800 m,M,Maenner,51
2017,Hochsprung,M,20,51
2017,Kugelstoss,M,18,51
2017,Marathon,W,Frauen,51
2017,10 000 m,W,Frauen,50
2017,100 m,M,18,50
2017,1500 m,M,18,50
2017,1500 m,W,18,50
2017,1500 m,W,20,50
2017,3000 m,M,20,50
2017,3000 m,W,18,50
2017,3000 m Hindernis,M,Maenner,50
2017,400 m,M,20,50
2017,400 m,W,18,50
2017,400 m,W,20,50
2017,400 m Huerden,W,18,50
2017,400 m Huerden,W,20,50
2017,400 m Huerden,W,Frauen,50
2017,5000 m,M,20,50
2017,800 m,M,20,50
2017,800 m,W,18,50
2017,800 m,W,20,50
2017,Diskuswurf,M,20,50
2017,Diskuswurf,W,18,50
2017,Diskuswurf,W,20,50
2017,Diskuswurf,W,Frauen,50
2017,Hammerwurf,M,18,50
2017,Hammerwurf,M,20,50
2017,Hammerwurf,M,Maenner,50
2017,Hammerwurf,W,18,50
2017,Hammerwurf,W,20,50
2017,Kugelstoss,M,20,50
2017,Kugelstoss,W,18,50
2017,Kugelstoss,W,20,50
2017,Speerwurf,M,20,50
2017,Speerwurf,M,Maenner,50
2017,Speerwurf,W,18,50
2017,Speerwurf,W,20,50
2017,Speerwurf,W,Frauen,50
2017,Stabhochsprung,W,20,50
2017,10 km,W,Frauen,49
2017,1500 m,M,20,49
2017,1500 m,W,Frauen,49
2017,200 m,W,20,49
2017,2000 m Hindernis,M,18,49
2017,3000 m,M,18,49
2017,3000 m,W,20,49
2017,3000 m Hindernis,W,Frauen,49
2017,400 m,M,18,49
2017,400 m,M,Maenner,49
2017,400 m Huerden,M,18,49
2017,400 m Huerden,M,20,49
2017,400 m Huerden,M,Maenner,49
2017,800 m,W,Frauen,49
2017,Diskuswurf,M,18,49
2017,Dreisprung,W,18,49
2017,Hammerwurf,W,Frauen,49
2017,Hochsprung,M,Maenner,49
2017,Kugelstoss,W,Frauen,49
2017,Speerwurf,M,18,49
2017,Stabhochsprung,W,18,49
2017,100 m,M,Maenner,48
2017,100 m,W,18,48
2017,200 m,W,18,48
2017,5000 m,W,20,48
2017,Diskuswurf,M,Maenner,48
2017,Kugelstoss,M,Maenner,48
2017,Weitsprung,M,20,48
2017,Weitsprung,W,18,47
2017,200 m,W,Frauen,46
2017,5000 m,W,Frauen,46
2017,100 m,W,20,45
2017,100 m Huerden,W,20,45
2017,110 m Huerden,M,18,45
2017,200 m,M,18,45
2017,200 m,M,20,45
2017,200 m,M,Maenner,45
2017,100 m Huerden,W,18,44
2017,100 m Huerden,W,Frauen,44
2017,110 m Huerden,M,20,44
2017,Dreisprung,M,Maenner,44
2017,Dreisprung,W,20,44
2017,Weitsprung,W,20,44
2017,Dreisprung,W,Frauen,43
2017,Weitsprung,W,Frauen,42
2017,100 m,W,Frauen,41
2017,Dreisprung,M,20,41
2017,Weitsprung,M,18,41
2017,Dreisprung,M,18,40
2017,Weitsprung,M,Maenner,40
2017,110 m Huerden,M,Maenner,39
2017,10 km,M,U23,35
2017,Stabhochsprung,M,U23,35
2017,Hochsprung,W,U23,34
2017,5000 m,M,U23,33
2017,10 000 m,M,U23,31
2017,100 m,M,U23,31
2017,1500 m,M,U23,31
2017,1500 m,W,U23,31
2017,800 m,M,U23,31
2017,Diskuswurf,W,U23,31
2017,Kugelstoss,W,U23,31
2017,400 m,M,U23,30
2017,400 m,W,U23,30
2017,400 m Huerden,W,U23,30
2017,Hammerwurf,M,U23,30
2017,Hochsprung,M,U23,30
2017,Speerwurf,M,U23,30
2017,Speerwurf,W,U23,30
2017,Stabhochsprung,W,U23,30
2017,10 km,W,U23,29
2017,3000 m Hindernis,M,U23,29
2017,3000 m Hindernis,W,U23,29
2017,400 m Huerden,M,U23,29
2017,800 m,W,U23,29
2017,Hammerwurf,W,U23,29
2017,100 m Huerden,W,U23,28
2017,5000 m,W,U23,28
2017,Diskuswurf,M,U23,28
2017,Kugelstoss,M,U23,28
2017,100 m,W,U23,27
2017,200 m,M,U23,27
2017,200 m,W,U23,26
2017,Dreisprung,M,U23,26
2017,Weitsprung,M,U23,26
2017,Weitsprung,W,U23,26
2017,110 m Huerden,M,U23,24
2017,Dreisprung,W,U23,24
2017,10 000 m,W,U23,18
2018,Stabhochsprung,W,18,56
2018,Stabhochsprung,W,Frauen,56
2018,Hochsprung,M,18,53
2018,Hochsprung,M,20,53
2018,Stabhochsprung,W,20,53
2018,10 000 m,M,Maenner,52
2018,100 m,M,18,52
2018,Stabhochsprung,M,Maenner,52
2018,Weitsprung,W,18,52
2018,Weitsprung,W,20,52
2018,100 m,M,20,51
2018,100 m,W,20,51
2018,200 m,M,18,51
2018,200 m,M,Maenner,51
2018,5000 m,M,Maenner,51
2018,Kugelstoss,W,18,51
2018,Stabhochsprung,M,20,51
2018,Weitsprung,M,Maenner,51
2018,10 km,W,Frauen,50
2018,100 m,W,18,50
2018,100 m Huerden,W,20,50
2018,100 m Huerden,W,Frauen,50
2018,110 m Huerden,M,18,50
2018,1500 m,M,18,50
2018,1500 m,W,18,50
2018,200 m,M,20,50
2018,200 m,W,20,50
2018,200 m,W,Frauen,50
2018,2000 m Hindernis,M,18,50
2018,3000 m,W,20,50
2018,3000 m Hindernis,M,Maenner,50
2018,400 m,M,18,50
2018,400 m,W,18,50
2018,400 m,W,20,50
2018,400 m Huerden,M,20,50
2018,800 m,M,18,50
2018,800 m,W,18,50
2018,800 m,W,20,50
2018,800 m,W,Frauen,50
2018,Diskuswurf,M,18,50
2018,Diskuswurf,M,20,50
2018,Diskuswurf,M,Maenner,50
2018,Diskuswurf,W,20,50
2018,Diskuswurf,W,Frauen,50
2018,Dreisprung,W,18,50
2018,Dreisprung,W,Frauen,50
2018,Hammerwurf,M,20,50
2018,Hammerwurf,M,Maenner,50
2018,Hammerwurf,W,18,50
2018,Hammerwurf,W,20,50
2018,Hochsprung,M,Maenner,50
2018,Kugelstoss,M,20,50
2018,Kugelstoss,M,Maenner,50
2018,Kugelstoss,W,20,50
2018,Kugelstoss,W,Frauen,50
2018,Speerwurf,M,18,50
2018,Speerwurf,M,Maenner,50
2018,Speerwurf,W,18,50
2018,Speerwurf,W,20,50
2018,Weitsprung,M,18,50
2018,Weitsprung,M,20,50
2018,Weitsprung,W,Frauen,50
2018,10 km,M,Maenner,49
2018,100 m,M,Maenner,49
2018,100 m,W,Frauen,49
2018,100 m Huerden,W,18,49
2018,1500 m,M,20,49
2018,1500 m,W,20,49
2018,1500 m,W,Frauen,49
2018,200 m,W,18,49
2018,3000 m,M,18,49
2018,3000 m,M,20,49
2018,3000 m,W,18,49
2018,400 m,M,20,49
2018,400 m,M,Maenner,49
2018,400 m Huerden,M,18,49
2018,400 m Huerden,M,Maenner,49
2018,400 m Huerden,W,20,49
2018,400 m Huerden,W,Frauen,49
2018,800 m,M,20,49
2018,Diskuswurf,W,18,49
2018,Dreisprung,M,18,49
2018,Dreisprung,M,20,49
2018,Dreisprung,W,20,49
2018,Hammerwurf,W,Frauen,49
2018,Hochsprung,W,18,49
2018,Hochsprung,W,20,49
2018,Kugelstoss,M,18,49
2018,Marathon,M,Maenner,49
2018,Speerwurf,M,20,49
2018,Speerwurf,W,Frauen,49
2018,Stabhochsprung,M,18,49
2018,110 m Huerden,M,20,48
2018,400 m,W,Frauen,48
2018,400 m Huerden,W,18,48
2018,5000 m,M,20,48
2018,800 m,M,Maenner,48
2018,Dreisprung,M,Maenner,48
2018,Hochsprung,W,Frauen,48
2018,Marathon,W,Frauen,48
2018,110 m Huerden,M,Maenner,47
2018,1500 m,M,Maenner,47
2018,5000 m,W,Frauen,44
2018,Hammerwurf,M,18,44
2018,5000 m,W,20,43
2018,10 000 m,W,Frauen,40
2018,3000 m Hindernis,W,Frauen,38
2018,Hochsprung,M,U23,32
2018,400 m,W,U23,31
2018,Stabhochsprung,M,U23,31
2018,10 000 m,M,U23,30
2018,10 km,M,U23,30
2018,100 m,W,U23,30
2018,100 m Huerden,W,U23,30
2018,200 m,M,U23,30
2018,200 m,W,U23,30
2018,3000 m Hindernis,M,U23,30
2018,400 m,M,U23,30
2018,400 m Huerden,M,U23,30
2018,400 m Huerden,W,U23,30
2018,5000 m,M,U23,30
2018,5000 m,W,U23,30
2018,Diskuswurf,M,U23,30
2018,Diskuswurf,W,U23,30
2018,Hochsprung,W,U23,30
2018,Kugelstoss,M,U23,30
2018,Kugelstoss,W,U23,30
2018,Speerwurf,M,U23,30
2018,Stabhochsprung,W,U23,30
2018,Weitsprung,M,U23,30
2018,Weitsprung,W,U23,30
2018,10 km,W,U23,29
2018,110 m Huerden,M,U23,29
2018,1500 m,W,U23,29
2018,800 m,M,U23,29
2018,800 m,W,U23,29
2018,Dreisprung,M,U23,29
2018,Dreisprung,W,U23,29
2018,Hammerwurf,M,U23,29
2018,Hammerwurf,W,U23,29
2018,Speerwurf,W,U23,29
2018,100 m,M,U23,28
2018,1500 m,M,U23,28
2018,3000 m Hindernis,W,U23,23
2018,10 000 m,W,U23,18
2019,1500 m,W,Frauen,57
2019,Dreisprung,W,18,54
2019,Hochsprung,M,20,54
2019,Weitsprung,M,18,54
2019,Hochsprung,W,20,53
2019,100 m,M,18,52
2019,100 m Huerden,W,20,52
2019,10 km,M,Maenner,51
2019,10 km,W,Frauen,51
2019,100 m,W,18,51
2019,200 m,W,18,51
2019,400 m,M,Maenner,51
2019,400 m,W,Frauen,51
2019,5000 m,W,Frauen,51
2019,800 m,M,18,51
2019,800 m,M,Maenner,51
2019,Dreisprung,M,Maenner,51
2019,Hammerwurf,M,Maenner,51
2019,Hochsprung,M,18,51
2019,Hochsprung,W,18,51
2019,Kugelstoss,W,18,51
2019,Kugelstoss,W,20,51
2019,Marathon,M,Maenner,51
2019,10 000 m,M,Maenner,50
2019,100 m,M,20,50
2019,100 m,M,Maenner,50
2019,100 m Huerden,W,Frauen,50
2019,110 m Huerden,M,Maenner,50
2019,1500 m,M,Maenner,50
2019,1500 m,W,18,50
2019,200 m,M,18,50
2019,3000 m,M,18,50
2019,3000 m,W,18,50
2019,3000 m Hindernis,M,Maenner,50
2019,400 m,M,18,50
2019,400 m,M,20,50
2019,400 m,W,18,50
2019,400 m,W,20,50
2019,400 m Huerden,M,18,50
2019,400 m Huerden,M,20,50
2019,400 m Huerden,W,18,50
2019,400 m Huerden,W,20,50
2019,400 m Huerden,W,Frauen,50
2019,5000 m,M,20,50
2019,800 m,M,20,50
2019,800 m,W,18,50
2019,800 m,W,20,50
2019,800 m,W,Frauen,50
2019,Diskuswurf,M,18,50
2019,Diskuswurf,M,Maenner,50
2019,Diskuswurf,W,18,50
2019,Diskuswurf,W,Frauen,50
2019,Dreisprung,M,18,50
2019,Dreisprung,M,20,50
2019,Dreisprung,W,20,50
2019,Hammerwurf,M,18,50
2019,Hammerwurf,M,20,50
2019,Hammerwurf,W,18,50
2019,Hammerwurf,W,Frauen,50
2019,Kugelstoss,M,18,50
2019,Kugelstoss,M,Maenner,50
2019,Kugelstoss,W,Frauen,50
2019,Speerwurf,M,20,50
2019,Speerwurf,M,Maenner,50
2019,Speerwurf,W,18,50
2019,Speerwurf,W,Frauen,50
2019,Stabhochsprung,M,18,50
2019,Stabhochsprung,W,18,50
2019,Stabhochsprung,W,Frauen,50
2019,Weitsprung,M,Maenner,50
2019,Weitsprung,W,18,50
2019,Weitsprung,W,20,50
2019,100 m,W,20,49
2019,100 m Huerden,W,18,49
2019,110 m Huerden,M,18,49
2019,110 m Huerden,M,20,49
2019,1500 m,M,18,49
2019,1500 m,M,20,49
2019,1500 m,W,20,49
2019,200 m,M,20,49
2019,200 m,M,Maenner,49
2019,200 m,W,20,49
2019,2000 m Hindernis,M,18,49
2019,3000 m,M,20,49
2019,5000 m,M,Maenner,49
2019,Diskuswurf,M,20,49
2019,Diskuswurf,W,20,49
2019,Dreisprung,W,Frauen,49
2019,Hammerwurf,W,20,49
2019,Hochsprung,M,Maenner,49
2019,Kugelstoss,M,20,49
2019,Speerwurf,M,18,49
2019,Stabhochsprung,M,20,49
2019,Stabhochsprung,M,Maenner,49
2019,Weitsprung,W,Frauen,49
2019,10 000 m,W,Frauen,48
2019,100 m,W,Frauen,48
2019,Hochsprung,W,Frauen,48
2019,Marathon,W,Frauen,48
2019,Speerwurf,W,20,48
2019,Stabhochsprung,W,20,48
2019,200 m,W,Frauen,47
2019,3000 m,W,20,47
2019,400 m Huerden,M,Maenner,47
2019,5000 m,W,20,47
2019,Weitsprung,M,20,46
2019,3000 m Hindernis,W,Frauen,45
2019,Stabhochsprung,M,U23,38
2019,5000 m,M,U23,33
2019,10 km,M,U23,31
2019,100 m,W,U23,31
2019,800 m,M,U23,31
2019,Hochsprung,M,U23,31
2019,Hochsprung,W,U23,31
2019,10 km,W,U23,30
2019,110 m Huerden,M,U23,30
2019,1500 m,M,U23,30
2019,200 m,M,U23,30
2019,200 m,W,U23,30
2019,3000 m Hindernis,M,U23,30
2019,400 m,M,U23,30
2019,400 m,W,U23,30
2019,400 m Huerden,M,U23,30
2019,400 m Huerden,W,U23,30
2019,5000 m,W,U23,30
2019,800 m,W,U23,30
2019,Dreisprung,M,U23,30
2019,Dreisprung,W,U23,30
2019,Hammerwurf,M,U23,30
2019,Hammerwurf,W,U23,30
2019,Kugelstoss,M,U23,30
2019,Kugelstoss,W,U23,30
2019,Speerwurf,M,U23,30
2019,Speerwurf,W,U23,30
2019,Weitsprung,M,U23,30
2019,100 m,M,U23,29
2019,Stabhochsprung,W,U23,29
2019,Weitsprung,W,U23,29
2019,10 000 m,M,U23,28
2019,100 m Huerden,W,U23,28
2019,1500 m,W,U23,28
2019,Diskuswurf,M,U23,28
2019,Diskuswurf,W,U23,27
2019,3000 m Hindernis,W,U23,24
2019,10 000 m,W,U23,17
2020,Hochsprung,W,20,59
2020,Hochsprung,W,18,57
2020,Stabhochsprung,W,20,54
2020,Hochsprung,W,Frauen,53
2020,Stabhochsprung,M,18,53
2020,800 m,W,Frauen,52
2020,Hochsprung,M,Maenner,52
2020,1500 m,M,20,51
2020,3000 m,W,20,51
2020,Hammerwurf,M,Maenner,51
2020,Hammerwurf,W,18,51
2020,Hochsprung,M,18,51
2020,Hochsprung,M,20,51
2020,Kugelstoss,W,Frauen,51
2020,Speerwurf,M,Maenner,51
2020,Speerwurf,W,Frauen,51
2020,Stabhochsprung,W,Frauen,51
2020,10 km,W,Frauen,50
2020,1500 m,M,18,50
2020,1500 m,M,Maenner,50
2020,1500 m,W,18,50
2020,1500 m,W,20,50
2020,3000 m,W,18,50
2020,400 m,M,18,50
2020,400 m Huerden,M,18,50
2020,400 m Huerden,W,20,50
2020,400 m Huerden,W,Frauen,50
2020,5000 m,M,20,50
2020,5000 m,W,Frauen,50
2020,800 m,M,18,50
2020,800 m,M,20,50
2020,800 m,M,Maenner,50
2020,Diskuswurf,M,20,50
2020,Diskuswurf,W,Frauen,50
2020,Hammerwurf,M,18,50
2020,Hammerwurf,M,20,50
2020,Hammerwurf,W,20,50
2020,Hammerwurf,W,Frauen,50
2020,Kugelstoss,M,20,50
2020,Kugelstoss,W,18,50
2020,Kugelstoss,W,20,50
2020,Speerwurf,M,18,50
2020,Speerwurf,M,20,50
2020,Stabhochsprung,M,20,50
2020,Stabhochsprung,W,18,50
2020,100 m,M,18,49
2020,1500 m,W,Frauen,49
2020,200 m,W,20,49
2020,3000 m,M,18,49
2020,3000 m,M,20,49
2020,400 m,M,20,49
2020,400 m,M,Maenner,49
2020,400 m,W,20,49
2020,400 m,W,Frauen,49
2020,5000 m,W,20,49
2020,Diskuswurf,M,18,49
2020,Diskuswurf,M,Maenner,49
2020,Diskuswurf,W,18,49
2020,Diskuswurf,W,20,49
2020,Kugelstoss,M,18,49
2020,Kugelstoss,M,Maenner,49
2020,Marathon,M,Maenner,49
2020,Speerwurf,W,18,49
2020,Speerwurf,W,20,49
2020,Stabhochsprung,M,Maenner,49
2020,10 km,M,Maenner,48
2020,100 m,W,20,48
2020,400 m,W,18,48
2020,400 m Huerden,M,Maenner,48
2020,400 m Huerden,W,18,48
2020,800 m,W,18,48
2020,800 m,W,20,48
2020,Weitsprung,M,Maenner,48
2020,Weitsprung,W,20,48
2020,200 m,W,18,47
2020,200 m,W,Frauen,47
2020,5000 m,M,Maenner,47
2020,Dreisprung,M,18,47
2020,100 m,W,Frauen,46
2020,Weitsprung,M,20,46
2020,100 m Huerden,W,20,45
2020,10 000 m,M,Maenner,44
2020,100 m,M,Maenner,44
2020,100 m Huerden,W,Frauen,44
2020,200 m,M,Maenner,44
2020,100 m,W,18,43
2020,110 m Huerden,M,Maenner,43
2020,Weitsprung,M,18,43
2020,Weitsprung,W,18,43
2020,110 m Huerden,M,20,42
2020,Weitsprung,W,Frauen,42
2020,100 m Huerden,W,18,41
2020,200 m,M,18,41
2020,200 m,M,20,41
2020,100 m,M,20,40
2020,Dreisprung,M,20,40
2020,Dreisprung,W,20,40
2020,Marathon,W,Frauen,40
2020,Dreisprung,M,Maenner,39
2020,Dreisprung,W,Frauen,39
2020,Dreisprung,W,18,38
2020,3000 m Hindernis,M,Maenner,37
2020,110 m Huerden,M,18,36
2020,2000 m Hindernis,W,18,35
2020,10 000 m,W,Frauen,33
2020,400 m Huerden,M,20,33
2020,10 km,M,U23,32
2020,Hochsprung,M,U23,32
2020,Hochsprung,W,U23,32
2020,Stabhochsprung,M,U23,32
2020,10 km,W,U23,31
2020,1500 m,M,U23,31
2020,Speerwurf,M,U23,31
2020,100 m,W,U23,30
2020,1500 m,W,U23,30
2020,400 m Huerden,W,U23,30
2020,5000 m,M,U23,30
2020,Diskuswurf,W,U23,30
2020,Hammerwurf,M,U23,30
2020,Hammerwurf,W,U23,30
2020,Kugelstoss,W,U23,30
2020,Speerwurf,W,U23,30
2020,400 m,M,U23,29
2020,400 m,W,U23,29
2020,800 m,M,U23,29
2020,800 m,W,U23,29
2020,Diskuswurf,M,U23,29
2020,Kugelstoss,M,U23,29
2020,Stabhochsprung,W,U23,29
2020,200 m,W,U23,28
2020,400 m Huerden,M,U23,28
2020,5000 m,W,U23,28
2020,10 000 m,M,U23,27
2020,Weitsprung,M,U23,27
2020,110 m Huerden,M,U23,26
2020,200 m,M,U23,26
2020,Weitsprung,W,U23,25
2020,100 m,M,U23,24
2020,100 m Huerden,W,U23,24
2020,2000 m Hindernis,M,18,24
2020,3000 m Hindernis,W,Frauen,24
2020,Dreisprung,W,U23,23
2020,Dreisprung,M,U23,19
2020,3000 m Hindernis,M,U23,17
2020,10 000 m,W,U23,16
2020,3000 m Hindernis,W,U23,12
2021,Hochsprung,W,Frauen,59
2021,Hochsprung,W,20,58
2021,Hochsprung,M,18,55
2021,Hochsprung,M,20,55
2021,Stabhochsprung,M,Maenner,55
2021,100 m,M,18,54
2021,Dreisprung,M,20,54
2021,Dreisprung,M,18,53
2021,Dreisprung,M,Maenner,53
2021,Dreisprung,M,U23,53
2021,Dreisprung,W,20,53
2021,Stabhochsprung,M,20,53
2021,Weitsprung,M,18,53
2021,Hochsprung,W,18,52
2021,Stabhochsprung,M,18,52
2021,Stabhochsprung,W,U23,52
2021,100 m,W,18,51
2021,1500 m,M,18,51
2021,1500 m,M,20,51
2021,200 m,M,18,51
2021,400 m Huerden,M,Maenner,51
2021,400 m Huerden,W,Frauen,51
2021,5000 m,M,U23,51
2021,5000 m,W,Frauen,51
2021,800 m,M,18,51
2021,Dreisprung,W,Frauen,51
2021,Dreisprung,W,U23,51
2021,Kugelstoss,W,U23,51
2021,Weitsprung,M,Maenner,51
2021,Weitsprung,M,U23,51
2021,10 000 m,M,U23,50
2021,10 000 m,W,Frauen,50
2021,10 km,M,U23,50
2021,10 km,W,Frauen,50
2021,10 km,W,U23,50
2021,100 m,M,20,50
2021,100 m,M,Maenner,50
2021,100 m,W,Frauen,50
2021,110 m Huerden,M,18,50
2021,110 m Huerden,M,20,50
2021,110 m Huerden,M,U23,50
2021,1500 m,M,Maenner,50
2021,1500 m,M,U23,50
2021,1500 m,W,18,50
2021,1500 m,W,20,50
2021,1500 m,W,U23,50
2021,200 m,M,20,50
2021,200 m,M,Maenner,50
2021,200 m,M,U23,50
2021,200 m,W,18,50
2021,3000 m,M,18,50
2021,3000 m,M,20,50
2021,3000 m,W,20,50
2021,400 m,M,18,50
2021,400 m,M,20,50
2021,400 m Huerden,M,18,50
2021,400 m Huerden,W,20,50
2021,400 m Huerden,W,U23,50
2021,5000 m,M,20,50
2021,5000 m,W,20,50
2021,5000 m,W,U23,50
2021,800 m,M,20,50
2021,800 m,M,Maenner,50
2021,800 m,M,U23,50
2021,Diskuswurf,M,20,50
2021,Diskuswurf,W,18,50
2021,Diskuswurf,W,Frauen,50
2021,Dreisprung,W,18,50
2021,Hammerwurf,W,20,50
2021,Hammerwurf,W,Frauen,50
2021,Hammerwurf,W,U23,50
2021,Kugelstoss,M,20,50
2021,Kugelstoss,M,Maenner,50
2021,Kugelstoss,W,18,50
2021,Kugelstoss,W,20,50
2021,Kugelstoss,W,Frauen,50
2021,Marathon,M,Maenner,50
2021,Speerwurf,M,18,50
2021,Speerwurf,M,20,50
2021,Speerwurf,W,20,50
2021,Speerwurf,W,Frauen,50
2021,Speerwurf,W,U23,50
2021,Stabhochsprung,M,U23,50
2021,Stabhochsprung,W,Frauen,50
2021,Weitsprung,M,20,50
2021,Weitsprung,W,18,50
2021,10 000 m,M,Maenner,49
2021,10 km,M,Maenner,49
2021,100 m,M,U23,49
2021,100 m,W,U23,49
2021,100 m Huerden,W,18,49
2021,100 m Huerden,W,20,49
2021,1500 m,W,Frauen,49
2021,200 m,W,Frauen,49
2021,200 m,W,U23,49
2021,3000 m,W,18,49
2021,3000 m Hindernis,M,Maenner,49
2021,400 m,W,18,49
2021,400 m,W,20,49
2021,400 m,W,U23,49
2021,400 m Huerden,M,U23,49
2021,Diskuswurf,M,18,49
2021,Diskuswurf,M,Maenner,49
2021,Diskuswurf,W,20,49
2021,Diskuswurf,W,U23,49
2021,Hammerwurf,M,18,49
2021,Hammerwurf,M,20,49
2021,Hammerwurf,M,Maenner,49
2021,Hammerwurf,W,18,49
2021,Hochsprung,M,U23,49
2021,Hochsprung,W,U23,49
2021,Kugelstoss,M,18,49
2021,Speerwurf,M,U23,49
2021,Stabhochsprung,W,18,49
2021,Stabhochsprung,W,20,49
2021,Weitsprung,W,20,49
2021,Weitsprung,W,Frauen,49
2021,100 m,W,20,48
2021,100 m Huerden,W,U23,48
2021,110 m Huerden,M,Maenner,48
2021,200 m,W,20,48
2021,400 m,M,Maenner,48
2021,400 m,M,U23,48
2021,400 m,W,Frauen,48
2021,400 m Huerden,W,18,48
2021,5000 m,M,Maenner,48
2021,800 m,W,18,48
2021,800 m,W,20,48
2021,Diskuswurf,M,U23,48
2021,Hochsprung,M,Maenner,48
2021,Kugelstoss,M,U23,48
2021,Marathon,W,Frauen,48
2021,Speerwurf,M,Maenner,48
2021,Speerwurf,W,18,48
2021,100 m Huerden,W,Frauen,47
2021,2000 m Hindernis,W,18,47
2021,800 m,W,U23,47
2021,Weitsprung,W,U23,47
2021,800 m,W,Frauen,46
2021,Hammerwurf,M,U23,43
2021,2000 m Hindernis,M,18,40
2021,3000 m Hindernis,W,Frauen,40
2021,400 m Huerden,M,20,40
2021,3000 m Hindernis,W,U23,23
2021,3000 m Hindernis,M,U23,20
2021,10 000 m,W,U23,14
2022,Stabhochsprung,W,U23,58
2022,Hochsprung,M,20,57
2022,Dreisprung,W,Frauen,55
2022,100 m,M,20,54
2022,200 m,M,20,54
2022,Dreisprung,M,Maenner,54
2022,Hochsprung,M,18,54
2022,Stabhochsprung,W,20,54
2022,Weitsprung,W,20,54
2022,110 m Huerden,M,18,53
2022,200 m,M,Maenner,53
2022,Dreisprung,M,20,53
2022,Dreisprung,M,U23,53
2022,100 m,M,Maenner,52
2022,Hochsprung,M,Maenner,52
2022,Stabhochsprung,M,20,52
2022,Weitsprung,M,20,52
2022,Weitsprung,M,Maenner,52
2022,Weitsprung,W,Frauen,52
2022,Weitsprung,W,U23,52
2022,100 m,M,18,51
2022,100 m,W,18,51
2022,200 m,M,U23,51
2022,400 m,M,Maenner,51
2022,Diskuswurf,W,Frauen,51
2022,Dreisprung,M,18,51
2022,Dreisprung,W,18,51
2022,Dreisprung,W,20,51
2022,Dreisprung,W,U23,51
2022,Hochsprung,M,U23,51
2022,Hochsprung,W,18,51
2022,Hochsprung,W,20,51
2022,Hochsprung,W,U23,51
2022,Kugelstoss,M,20,51
2022,Stabhochsprung,W,Frauen,51
2022,Weitsprung,M,18,51
2022,Weitsprung,W,18,51
2022,10 km,M,U23,50
2022,10 km,W,U23,50
2022,100 m,M,U23,50
2022,100 m Huerden,W,U23,50
2022,110 m Huerden,M,20,50
2022,1500 m,M,18,50
2022,1500 m,M,20,50
2022,1500 m,M,Maenner,50
2022,200 m,M,18,50
2022,200 m,W,Frauen,50
2022,3000 m,M,20,50
2022,400 m,M,18,50
2022,400 m,M,20,50
2022,400 m Huerden,M,Maenner,50
2022,400 m Huerden,M,U23,50
2022,400 m Huerden,W,Frauen,50
2022,5000 m,M,U23,50
2022,800 m,M,18,50
2022,800 m,M,20,50
2022,800 m,W,18,50
2022,Diskuswurf,M,20,50
2022,Diskuswurf,M,Maenner,50
2022,Diskuswurf,W,18,50
2022,Diskuswurf,W,20,50
2022,Diskuswurf,W,U23,50
2022,Hammerwurf,M,18,50
2022,Hammerwurf,M,U23,50
2022,Hammerwurf,W,20,50
2022,Hammerwurf,W,Frauen,50
2022,Hammerwurf,W,U23,50
2022,Kugelstoss,W,Frauen,50
2022,Kugelstoss,W,U23,50
2022,Marathon,M,Maenner,50
2022,Speerwurf,M,18,50
2022,Speerwurf,M,20,50
2022,Speerwurf,M,Maenner,50
2022,Speerwurf,W,Frauen,50
2022,Stabhochsprung,M,18,50
2022,Stabhochsprung,M,U23,50
2022,Stabhochsprung,W,18,50
2022,10 km,M,Maenner,49
2022,100 m,W,Frauen,49
2022,100 m Huerden,W,18,49
2022,110 m Huerden,M,U23,49
2022,1500 m,M,U23,49
2022,1500 m,W,20,49
2022,1500 m,W,Frauen,49
2022,1500 m,W,U23,49
2022,200 m,W,18,49
2022,200 m,W,U23,49
2022,3000 m,M,18,49
2022,3000 m,W,20,49
2022,400 m,W,18,49
2022,400 m,W,20,49
2022,400 m Huerden,M,18,49
2022,400 m Huerden,W,20,49
2022,400 m Huerden,W,U23,49
2022,5000 m,M,20,49
2022,5000 m,M,Maenner,49
2022,800 m,M,Maenner,49
2022,800 m,M,U23,49
2022,Diskuswurf,M,18,49
2022,Hammerwurf,M,20,49
2022,Hammerwurf,M,Maenner,49
2022,Hammerwurf,W,18,49
2022,Kugelstoss,M,18,49
2022,Kugelstoss,M,Maenner,49
2022,Kugelstoss,W,18,49
2022,Kugelstoss,W,20,49
2022,Speerwurf,M,U23,49
2022,Speerwurf,W,18,49
2022,Weitsprung,M,U23,49
2022,10 000 m,M,Maenner,48
2022,10 km,W,Frauen,48
2022,100 m,W,U23,48
2022,100 m Huerden,W,20,48
2022,1500 m,W,18,48
2022,3000 m,W,18,48
2022,3000 m Hindernis,M,Maenner,48
2022,400 m,M,U23,48
2022,400 m,W,U23,48
2022,400 m Huerden,W,18,48
2022,5000 m,W,Frauen,48
2022,800 m,W,20,48
2022,800 m,W,U23,48
2022,Diskuswurf,M,U23,48
2022,Hochsprung,W,Frauen,48
2022,Kugelstoss,M,U23,48
2022,Marathon,W,Frauen,48
2022,Speerwurf,W,U23,48
2022,Stabhochsprung,M,Maenner,48
2022,100 m,W,20,47
2022,100 m Huerden,W,Frauen,47
2022,110 m Huerden,M,Maenner,47
2022,400 m,W,Frauen,47
2022,400 m Huerden,M,20,47
2022,5000 m,W,U23,47
2022,800 m,W,Frauen,47
2022,Speerwurf,W,20,47
2022,10 000 m,W,Frauen,46
2022,200 m,W,20,46
2022,5000 m,W,20,46
2022,2000 m Hindernis,M,18,39
2022,3000 m Hindernis,W,Frauen,36
2022,10 000 m,M,U23,32
2022,2000 m Hindernis,W,18,28
2022,10 000 m,W,U23,25
2022,3000 m Hindernis,M,U23,17
2022,3000 m Hindernis,W,U23,16
2023,Hochsprung,M,20,63
2023,Stabhochsprung,M,U23,57
2023,Hochsprung,M,18,56
2023,Hochsprung,W,18,54
2023,100 m,M,18,53
2023,200 m,M,18,53
2023,Hochsprung,W,20,53
2023,Stabhochsprung,M,18,53
2023,200 m,M,20,52
2023,Hochsprung,W,Frauen,52
2023,Weitsprung,W,18,52
2023,100 m,M,20,51
2023,100 m,M,Maenner,51
2023,400 m,M,U23,51
2023,Diskuswurf,M,U23,51
2023,Dreisprung,W,18,51
2023,Dreisprung,W,Frauen,51
2023,Kugelstoss,M,Maenner,51
2023,Weitsprung,M,U23,51
2023,10 000 m,M,Maenner,50
2023,10 km,M,U23,50
2023,10 km,W,U23,50
2023,110 m Huerden,M,18,50
2023,110 m Huerden,M,U23,50
2023,1500 m,M,20,50
2023,1500 m,M,Maenner,50
2023,1500 m,M,U23,50
2023,1500 m,W,U23,50
2023,200 m,M,Maenner,50
2023,200 m,M,U23,50
2023,200 m,W,18,50
2023,200 m,W,20,50
2023,2000 m Hindernis,M,18,50
2023,3000 m,M,20,50
2023,3000 m,W,18,50
2023,3000 m,W,20,50
2023,400 m,M,18,50
2023,400 m,M,20,50
2023,400 m,M,Maenner,50
2023,400 m Huerden,M,18,50
2023,400 m Huerden,M,20,50
2023,400 m Huerden,M,Maenner,50
2023,400 m Huerden,M,U23,50
2023,400 m Huerden,W,18,50
2023,400 m Huerden,W,20,50
2023,5000 m,W,20,50
2023,5000 m,W,U23,50
2023,800 m,M,18,50
2023,800 m,M,20,50
2023,800 m,M,Maenner,50
2023,800 m,M,U23,50
2023,800 m,W,Frauen,50
2023,Diskuswurf,M,18,50
2023,Diskuswurf,M,20,50
2023,Diskuswurf,M,Maenner,50
2023,Diskuswurf,W,18,50
2023,Dreisprung,M,18,50
2023,Dreisprung,M,20,50
2023,Dreisprung,M,U23,50
2023,Dreisprung,W,20,50
2023,Dreisprung,W,U23,50
2023,Hammerwurf,W,Frauen,50
2023,Hammerwurf,W,U23,50
2023,Hochsprung,M,U23,50
2023,Kugelstoss,M,18,50
2023,Kugelstoss,M,20,50
2023,Kugelstoss,M,U23,50
2023,Kugelstoss,W,18,50
2023,Kugelstoss,W,Frauen,50
2023,Kugelstoss,W,U23,50
2023,Speerwurf,M,20,50
2023,Speerwurf,M,Maenner,50
2023,Speerwurf,M,U23,50
2023,Speerwurf,W,Frauen,50
2023,Stabhochsprung,M,20,50
2023,Weitsprung,M,18,50
2023,Weitsprung,M,20,50
2023,Weitsprung,M,Maenner,50
2023,Weitsprung,W,20,50
2023,10 000 m,W,Frauen,49
2023,100 m,M,U23,49
2023,100 m,W,18,49
2023,100 m,W,20,49
2023,100 m Huerden,W,20,49
2023,110 m Huerden,M,20,49
2023,1500 m,W,18,49
2023,1500 m,W,20,49
2023,400 m,W,18,49
2023,400 m,W,20,49
2023,400 m,W,U23,49
2023,400 m Huerden,W,Frauen,49
2023,400 m Huerden,W,U23,49
2023,5000 m,M,Maenner,49
2023,5000 m,M,U23,49
2023,800 m,W,18,49
2023,800 m,W,20,49
2023,800 m,W,U23,49
2023,Diskuswurf,W,20,49
2023,Dreisprung,M,Maenner,49
2023,Hammerwurf,M,18,49
2023,Hammerwurf,M,20,49
2023,Hammerwurf,M,U23,49
2023,Hammerwurf,W,18,49
2023,Hammerwurf,W,20,49
2023,Hochsprung,M,Maenner,49
2023,Hochsprung,W,U23,49
2023,Kugelstoss,W,20,49
2023,Marathon,W,Frauen,49
2023,Speerwurf,M,18,49
2023,Speerwurf,W,18,49
2023,Speerwurf,W,20,49
2023,Speerwurf,W,U23,49
2023,Stabhochsprung,M,Maenner,49
2023,Weitsprung,W,Frauen,49
2023,Weitsprung,W,U23,49
2023,10 km,M,Maenner,48
2023,10 km,W,Frauen,48
2023,100 m,W,Frauen,48
2023,100 m,W,U23,48
2023,100 m Huerden,W,18,48
2023,100 m Huerden,W,U23,48
2023,110 m Huerden,M,Maenner,48
2023,1500 m,W,Frauen,48
2023,200 m,W,Frauen,48
2023,200 m,W,U23,48
2023,3000 m Hindernis,M,Maenner,48
2023,400 m,W,Frauen,48
2023,5000 m,W,Frauen,48
2023,Diskuswurf,W,Frauen,48
2023,Diskuswurf,W,U23,48
2023,Hammerwurf,M,Maenner,48
2023,Stabhochsprung,W,18,48
2023,Stabhochsprung,W,Frauen,48
2023,Stabhochsprung,W,U23,48
2023,5000 m,M,20,47
2023,100 m Huerden,W,Frauen,46
2023,2000 m Hindernis,W,18,46
2023,Stabhochsprung,W,20,45
2023,3000 m,M,18,43
2023,1500 m,M,18,42
2023,3000 m Hindernis,W,Frauen,36
2023,10 000 m,M,U23,34
2023,Marathon,M,Maenner,28
2023,10 000 m,W,U23,20
2023,3000 m Hindernis,M,U23,17
2023,3000 m Hindernis,W,U23,17
2024,Hochsprung,W,18,58
2024,Hochsprung,M,20,54
2024,Hochsprung,W,U23,54
2024,Stabhochsprung,M,18,54
2024,Stabhochsprung,M,Maenner,53
2024,Stabhochsprung,W,18,53
2024,100 m,M,Maenner,52
2024,100 m Huerden,W,20,52
2024,200 m,M,20,52
2024,Hochsprung,W,20,52
2024,Stabhochsprung,W,Frauen,52
2024,Weitsprung,M,20,52
2024,10 km,M,U23,51
2024,100 m,M,18,51
2024,200 m,M,18,51
2024,400 m,W,18,51
2024,400 m,W,20,51
2024,Kugelstoss,M,18,51
2024,Stabhochsprung,M,20,51
2024,Stabhochsprung,W,20,51
2024,10 000 m,M,Maenner,50
2024,10 km,M,Maenner,50
2024,10 km,W,Frauen,50
2024,10 km,W,U23,50
2024,100 m,M,U23,50
2024,100 m,W,20,50
2024,100 m Huerden,W,18,50
2024,110 m Huerden,M,20,50
2024,110 m Huerden,M,U23,50
2024,1500 m,M,20,50
2024,1500 m,M,Maenner,50
2024,1500 m,M,U23,50
2024,1500 m,W,18,50
2024,1500 m,W,20,50
2024,1500 m,W,U23,50
2024,200 m,M,Maenner,50
2024,200 m,M,U23,50
2024,2000 m Hindernis,M,18,50
2024,2000 m Hindernis,W,18,50
2024,400 m Huerden,M,Maenner,50
2024,400 m Huerden,M,U23,50
2024,5000 m,M,20,50
2024,5000 m,M,U23,50
2024,5000 m,W,20,50
2024,5000 m,W,U23,50
2024,800 m,M,20,50
2024,800 m,M,Maenner,50
2024,800 m,M,U23,50
2024,800 m,W,18,50
2024,800 m,W,20,50
2024,Diskuswurf,M,U23,50
2024,Dreisprung,W,18,50
2024,Dreisprung,W,20,50
2024,Dreisprung,W,Frauen,50
2024,Dreisprung,W,U23,50
2024,Hochsprung,M,18,50
2024,Hochsprung,M,Maenner,50
2024,Hochsprung,M,U23,50
2024,Marathon,M,Maenner,50
2024,Marathon,W,Frauen,50
2024,Speerwurf,M,20,50
2024,Speerwurf,M,U23,50
2024,Speerwurf,W,20,50
2024,Speerwurf,W,Frauen,50
2024,Stabhochsprung,M,U23,50
2024,Stabhochsprung,W,U23,50
2024,Weitsprung,M,18,50
2024,Weitsprung,M,U23,50
2024,Weitsprung,W,18,50
2024,Weitsprung,W,Frauen,50
2024,10 000 m,W,Frauen,49
2024,100 m,M,20,49
2024,100 m,W,18,49
2024,100 m,W,Frauen,49
2024,100 m Huerden,W,U23,49
2024,110 m Huerden,M,18,49
2024,1500 m,W,Frauen,49
2024,3000 m,M,18,49
2024,3000 m,W,18,49
2024,3000 m,W,20,49
2024,3000 m Hindernis,M,Maenner,49
2024,3000 m Hindernis,W,Frauen,49
2024,400 m,M,Maenner,49
2024,400 m Huerden,W,18,49
2024,400 m Huerden,W,20,49
2024,400 m Huerden,W,U23,49
2024,5000 m,M,Maenner,49
2024,5000 m,W,Frauen,49
2024,800 m,W,Frauen,49
2024,800 m,W,U23,49
2024,Diskuswurf,M,18,49
2024,Diskuswurf,M,20,49
2024,Dreisprung,M,18,49
2024,Dreisprung,M,20,49
2024,Hammerwurf,W,18,49
2024,Hammerwurf,W,20,49
2024,Hammerwurf,W,Frauen,49
2024,Hammerwurf,W,U23,49
2024,Kugelstoss,M,U23,49
2024,Kugelstoss,W,18,49
2024,Kugelstoss,W,20,49
2024,Kugelstoss,W,Frauen,49
2024,Kugelstoss,W,U23,49
2024,Speerwurf,M,Maenner,49
2024,Speerwurf,W,U23,49
2024,Weitsprung,M,Maenner,49
2024,100 m,W,U23,48
2024,100 m Huerden,W,Frauen,48
2024,3000 m,M,20,48
2024,400 m,M,18,48
2024,400 m,M,20,48
2024,400 m,M,U23,48
2024,400 m,W,U23,48
2024,400 m Huerden,M,18,48
2024,400 m Huerden,W,Frauen,48
2024,Diskuswurf,M,Maenner,48
2024,Diskuswurf,W,18,48
2024,Diskuswurf,W,20,48
2024,Diskuswurf,W,Frauen,48
2024,Dreisprung,M,U23,48
2024,Hammerwurf,M,18,48
2024,Hammerwurf,M,20,48
2024,Hochsprung,W,Frauen,48
2024,Kugelstoss,M,20,48
2024,Kugelstoss,M,Maenner,48
2024,Speerwurf,W,18,48
2024,110 m Huerden,M,Maenner,47
2024,200 m,W,20,47
2024,400 m,W,Frauen,47
2024,Diskuswurf,W,U23,47
2024,Dreisprung,M,Maenner,47
2024,Hammerwurf,M,Maenner,47
2024,Speerwurf,M,18,47
2024,Weitsprung,W,20,47
2024,Weitsprung,W,U23,47
2024,200 m,W,Frauen,46
2024,400 m Huerden,M,20,46
2024,200 m,W,18,45
2024,200 m,W,U23,45
2024,Hammerwurf,M,U23,42
2024,10 000 m,M,U23,41
2024,3000 m Hindernis,M,U23,40
2024,3000 m Hindernis,W,U23,38
2024,1500 m,M,18,26
2024,10 000 m,W,U23,23
2024,3000 m Hindernis,M,20,23
2024,800 m,M,18,23
2024,3000 m Hindernis,W,20,18
